CARRIER,DEST,DISTANCE,ORIGIN,Weather,DAY_WEEK,DAY_OF_MONTH,Flight Status,DEP_DELAY
OH,JFK,184,BWI,0,4,1,ontime,0
DH,JFK,213,DCA,0,4,1,ontime,0
DH,LGA,229,IAD,0,4,1,ontime,0
DH,LGA,229,IAD,0,4,1,ontime,0
DH,LGA,229,IAD,0,4,1,ontime,0
DH,JFK,228,IAD,0,4,1,ontime,0
DH,JFK,228,IAD,0,4,1,ontime,3
DH,JFK,228,IAD,0,4,1,ontime,0
DH,JFK,228,IAD,0,4,1,ontime,0
DH,JFK,228,IAD,0,4,1,ontime,9
DH,LGA,229,IAD,0,4,1,ontime,0
DL,JFK,213,DCA,0,4,1,ontime,3
DL,LGA,214,DCA,0,4,1,ontime,2
DL,LGA,214,DCA,0,4,1,ontime,0
DL,LGA,214,DCA,0,4,1,ontime,0
DL,LGA,214,DCA,0,4,1,ontime,0
DL,LGA,214,DCA,0,4,1,ontime,0
MQ,JFK,213,DCA,0,4,1,ontime,0
MQ,JFK,213,DCA,0,4,1,ontime,0
MQ,JFK,213,DCA,0,4,1,ontime,0
MQ,LGA,214,DCA,0,4,1,ontime,0
MQ,LGA,214,DCA,0,4,1,ontime,0
MQ,LGA,214,DCA,0,4,1,ontime,0
MQ,LGA,214,DCA,0,4,1,ontime,0
MQ,LGA,214,DCA,0,4,1,ontime,0
UA,LGA,229,IAD,0,4,1,ontime,0
US,LGA,214,DCA,0,4,1,ontime,0
US,LGA,214,DCA,0,4,1,ontime,0
US,LGA,214,DCA,0,4,1,ontime,0
US,LGA,214,DCA,0,4,1,ontime,0
US,LGA,214,DCA,0,4,1,ontime,0
US,LGA,214,DCA,0,4,1,ontime,0
RU,EWR,169,BWI,0,4,1,ontime,0
RU,EWR,169,BWI,0,4,1,ontime,0
RU,EWR,169,BWI,0,4,1,ontime,0
RU,EWR,169,BWI,0,4,1,ontime,0
CO,EWR,199,DCA,0,4,1,ontime,0
CO,EWR,199,DCA,0,4,1,ontime,0
DH,EWR,213,IAD,0,4,1,ontime,0
DH,EWR,213,IAD,0,4,1,ontime,0
DH,EWR,213,IAD,0,4,1,ontime,0
DH,EWR,213,IAD,0,4,1,ontime,0
RU,EWR,213,IAD,0,4,1,ontime,0
RU,EWR,213,IAD,0,4,1,ontime,0
RU,EWR,199,DCA,0,4,1,ontime,0
RU,EWR,199,DCA,0,4,1,ontime,0
RU,EWR,199,DCA,0,4,1,ontime,0
RU,EWR,213,IAD,0,4,1,ontime,0
RU,EWR,213,IAD,0,4,1,ontime,0
RU,EWR,199,DCA,0,4,1,ontime,0
OH,JFK,184,BWI,0,5,2,ontime,0
DH,JFK,213,DCA,0,5,2,ontime,1
DH,LGA,229,IAD,0,5,2,ontime,4
DH,LGA,229,IAD,0,5,2,delayed,76
DH,LGA,229,IAD,0,5,2,ontime,0
DH,LGA,229,IAD,0,5,2,ontime,5
DH,LGA,229,IAD,0,5,2,delayed,197
DH,JFK,228,IAD,0,5,2,ontime,19
DH,JFK,228,IAD,0,5,2,ontime,0
DH,JFK,228,IAD,0,5,2,ontime,0
DH,JFK,228,IAD,0,5,2,ontime,0
DH,JFK,228,IAD,0,5,2,ontime,1
DH,JFK,228,IAD,0,5,2,delayed,185
DH,JFK,228,IAD,0,5,2,ontime,0
DH,LGA,229,IAD,0,5,2,ontime,0
DL,JFK,213,DCA,0,5,2,ontime,3
DL,LGA,214,DCA,0,5,2,ontime,0
DL,LGA,214,DCA,0,5,2,ontime,0
DL,LGA,214,DCA,0,5,2,ontime,0
DL,LGA,214,DCA,0,5,2,ontime,0
DL,LGA,214,DCA,0,5,2,ontime,0
MQ,JFK,213,DCA,0,5,2,ontime,0
MQ,JFK,213,DCA,0,5,2,ontime,0
MQ,JFK,213,DCA,0,5,2,ontime,17
MQ,LGA,214,DCA,0,5,2,ontime,0
MQ,LGA,214,DCA,0,5,2,ontime,0
MQ,LGA,214,DCA,0,5,2,ontime,0
MQ,LGA,214,DCA,0,5,2,ontime,2
MQ,LGA,214,DCA,0,5,2,ontime,0
UA,LGA,229,IAD,0,5,2,ontime,0
US,LGA,214,DCA,0,5,2,ontime,0
US,LGA,214,DCA,0,5,2,ontime,0
US,LGA,214,DCA,0,5,2,ontime,0
US,LGA,214,DCA,0,5,2,ontime,0
US,LGA,214,DCA,0,5,2,ontime,0
US,LGA,214,DCA,0,5,2,ontime,0
US,LGA,214,DCA,0,5,2,ontime,0
US,LGA,214,DCA,0,5,2,ontime,0
RU,EWR,169,BWI,0,5,2,ontime,0
RU,EWR,169,BWI,0,5,2,ontime,0
RU,EWR,169,BWI,0,5,2,ontime,0
RU,EWR,169,BWI,0,5,2,ontime,1
CO,EWR,199,DCA,0,5,2,ontime,0
CO,EWR,199,DCA,0,5,2,ontime,1
CO,EWR,199,DCA,0,5,2,ontime,0
DH,EWR,213,IAD,0,5,2,ontime,0
DH,EWR,213,IAD,0,5,2,delayed,105
DH,EWR,213,IAD,0,5,2,delayed,82
DH,EWR,213,IAD,0,5,2,ontime,0
RU,EWR,199,DCA,0,5,2,ontime,0
RU,EWR,213,IAD,0,5,2,ontime,0
RU,EWR,199,DCA,0,5,2,ontime,0
RU,EWR,199,DCA,0,5,2,ontime,0
RU,EWR,213,IAD,0,5,2,ontime,0
RU,EWR,213,IAD,0,5,2,ontime,0
RU,EWR,213,IAD,0,5,2,ontime,0
RU,EWR,213,IAD,0,5,2,ontime,0
RU,EWR,199,DCA,0,5,2,ontime,0
RU,EWR,199,DCA,0,5,2,ontime,0
RU,EWR,199,DCA,0,5,2,ontime,0
RU,EWR,213,IAD,0,5,2,delayed,0
RU,EWR,199,DCA,0,5,2,ontime,0
DH,LGA,229,IAD,0,6,3,ontime,0
DH,LGA,229,IAD,0,6,3,ontime,23
DH,LGA,229,IAD,0,6,3,ontime,0
DH,LGA,229,IAD,0,6,3,ontime,0
DH,JFK,228,IAD,0,6,3,ontime,15
DH,JFK,228,IAD,0,6,3,ontime,0
DH,JFK,228,IAD,0,6,3,ontime,0
DH,JFK,228,IAD,0,6,3,ontime,9
DH,JFK,228,IAD,0,6,3,ontime,26
DH,JFK,228,IAD,0,6,3,delayed,93
DH,JFK,228,IAD,0,6,3,ontime,0
DH,LGA,229,IAD,0,6,3,ontime,18
DL,JFK,213,DCA,0,6,3,delayed,50
DL,LGA,214,DCA,0,6,3,ontime,0
DL,LGA,214,DCA,0,6,3,ontime,0
DL,LGA,214,DCA,0,6,3,ontime,0
DL,LGA,214,DCA,0,6,3,ontime,0
DL,LGA,214,DCA,0,6,3,ontime,0
DL,LGA,214,DCA,0,6,3,ontime,0
DL,LGA,214,DCA,0,6,3,ontime,0
MQ,JFK,213,DCA,0,6,3,delayed,70
MQ,JFK,213,DCA,0,6,3,ontime,0
MQ,JFK,213,DCA,0,6,3,ontime,0
MQ,LGA,214,DCA,0,6,3,ontime,0
MQ,LGA,214,DCA,0,6,3,ontime,0
UA,LGA,229,IAD,0,6,3,ontime,0
US,LGA,214,DCA,0,6,3,ontime,0
US,LGA,214,DCA,0,6,3,ontime,0
US,LGA,214,DCA,0,6,3,ontime,0
US,LGA,214,DCA,0,6,3,ontime,0
US,LGA,214,DCA,0,6,3,ontime,0
US,LGA,214,DCA,0,6,3,ontime,0
US,LGA,214,DCA,0,6,3,ontime,0
RU,EWR,169,BWI,0,6,3,ontime,0
RU,EWR,169,BWI,0,6,3,ontime,0
RU,EWR,169,BWI,0,6,3,ontime,0
RU,EWR,169,BWI,0,6,3,ontime,0
CO,EWR,199,DCA,0,6,3,ontime,0
DH,EWR,213,IAD,0,6,3,delayed,17
DH,EWR,213,IAD,0,6,3,ontime,0
DH,EWR,213,IAD,0,6,3,delayed,84
DH,EWR,213,IAD,0,6,3,ontime,6
DH,EWR,213,IAD,0,6,3,ontime,0
RU,EWR,213,IAD,0,6,3,ontime,0
RU,EWR,199,DCA,0,6,3,ontime,0
RU,EWR,213,IAD,0,6,3,ontime,0
RU,EWR,199,DCA,0,6,3,ontime,11
RU,EWR,199,DCA,0,6,3,ontime,8
RU,EWR,199,DCA,0,6,3,ontime,0
RU,EWR,213,IAD,0,6,3,ontime,0
RU,EWR,199,DCA,0,6,3,ontime,3
OH,JFK,184,BWI,0,7,4,delayed,150
DH,JFK,213,DCA,0,7,4,ontime,4
DH,LGA,229,IAD,0,7,4,ontime,4
DH,LGA,229,IAD,0,7,4,delayed,80
DH,LGA,229,IAD,0,7,4,delayed,122
DH,LGA,229,IAD,0,7,4,ontime,0
DH,LGA,229,IAD,0,7,4,ontime,0
DH,JFK,228,IAD,0,7,4,ontime,60
DH,JFK,228,IAD,0,7,4,ontime,3
DH,JFK,228,IAD,0,7,4,ontime,49
DH,JFK,228,IAD,0,7,4,ontime,0
DH,JFK,228,IAD,0,7,4,ontime,0
DH,JFK,228,IAD,0,7,4,ontime,0
DH,JFK,228,IAD,0,7,4,ontime,0
DH,LGA,229,IAD,0,7,4,ontime,0
DL,JFK,213,DCA,0,7,4,ontime,45
DL,LGA,214,DCA,0,7,4,ontime,0
DL,LGA,214,DCA,0,7,4,ontime,0
DL,LGA,214,DCA,0,7,4,ontime,0
DL,LGA,214,DCA,0,7,4,ontime,2
DL,LGA,214,DCA,0,7,4,ontime,0
DL,LGA,214,DCA,0,7,4,ontime,2
DL,LGA,214,DCA,0,7,4,ontime,0
MQ,JFK,213,DCA,0,7,4,delayed,4
MQ,JFK,213,DCA,0,7,4,ontime,0
MQ,JFK,213,DCA,0,7,4,ontime,15
MQ,JFK,213,DCA,0,7,4,delayed,28
MQ,LGA,214,DCA,0,7,4,ontime,0
MQ,LGA,214,DCA,0,7,4,delayed,0
MQ,LGA,214,DCA,0,7,4,ontime,0
MQ,LGA,214,DCA,0,7,4,delayed,36
UA,LGA,229,IAD,0,7,4,ontime,0
US,LGA,214,DCA,0,7,4,ontime,0
US,LGA,214,DCA,0,7,4,ontime,0
US,LGA,214,DCA,0,7,4,ontime,0
US,LGA,214,DCA,0,7,4,ontime,0
US,LGA,214,DCA,0,7,4,ontime,0
US,LGA,214,DCA,0,7,4,ontime,0
US,LGA,214,DCA,0,7,4,ontime,0
US,LGA,214,DCA,0,7,4,ontime,0
US,LGA,214,DCA,0,7,4,ontime,0
US,LGA,214,DCA,0,7,4,ontime,0
US,LGA,214,DCA,0,7,4,ontime,0
US,LGA,214,DCA,0,7,4,ontime,0
US,LGA,214,DCA,0,7,4,ontime,0
RU,EWR,169,BWI,0,7,4,delayed,160
RU,EWR,169,BWI,0,7,4,delayed,101
RU,EWR,169,BWI,0,7,4,delayed,425
RU,EWR,169,BWI,0,7,4,delayed,205
CO,EWR,199,DCA,0,7,4,ontime,0
CO,EWR,199,DCA,0,7,4,delayed,203
DH,EWR,213,IAD,0,7,4,ontime,17
DH,EWR,213,IAD,0,7,4,delayed,207
DH,EWR,213,IAD,0,7,4,delayed,65
DH,EWR,213,IAD,0,7,4,delayed,101
DH,EWR,213,IAD,0,7,4,delayed,170
RU,EWR,199,DCA,0,7,4,delayed,222
RU,EWR,199,DCA,0,7,4,ontime,0
RU,EWR,213,IAD,0,7,4,ontime,0
RU,EWR,213,IAD,0,7,4,delayed,210
RU,EWR,199,DCA,0,7,4,delayed,0
RU,EWR,199,DCA,0,7,4,delayed,220
RU,EWR,213,IAD,0,7,4,delayed,42
OH,JFK,184,BWI,0,1,5,delayed,155
DH,JFK,213,DCA,0,1,5,delayed,0
DH,LGA,229,IAD,0,1,5,delayed,93
DH,LGA,229,IAD,0,1,5,delayed,151
DH,LGA,229,IAD,0,1,5,delayed,133
DH,LGA,229,IAD,0,1,5,delayed,0
DH,LGA,229,IAD,0,1,5,ontime,15
DH,JFK,228,IAD,0,1,5,delayed,106
DH,JFK,228,IAD,0,1,5,delayed,72
DH,JFK,228,IAD,0,1,5,ontime,55
DH,JFK,228,IAD,0,1,5,ontime,0
DH,JFK,228,IAD,0,1,5,delayed,80
DH,JFK,228,IAD,0,1,5,delayed,41
DH,LGA,229,IAD,0,1,5,ontime,5
DL,JFK,213,DCA,0,1,5,ontime,4
DL,LGA,214,DCA,0,1,5,ontime,0
DL,LGA,214,DCA,0,1,5,ontime,4
DL,LGA,214,DCA,0,1,5,ontime,0
DL,LGA,214,DCA,0,1,5,ontime,2
DL,LGA,214,DCA,0,1,5,ontime,1
DL,LGA,214,DCA,0,1,5,ontime,0
DL,LGA,214,DCA,0,1,5,ontime,0
DL,LGA,214,DCA,0,1,5,ontime,0
DL,LGA,214,DCA,0,1,5,ontime,0
DL,LGA,214,DCA,0,1,5,ontime,5
DL,LGA,214,DCA,0,1,5,ontime,0
DL,LGA,214,DCA,0,1,5,ontime,0
DL,LGA,214,DCA,0,1,5,delayed,25
DL,LGA,214,DCA,0,1,5,ontime,0
MQ,JFK,213,DCA,0,1,5,ontime,8
MQ,JFK,213,DCA,0,1,5,ontime,0
MQ,LGA,214,DCA,0,1,5,ontime,0
MQ,LGA,214,DCA,0,1,5,ontime,0
MQ,LGA,214,DCA,0,1,5,ontime,0
MQ,LGA,214,DCA,0,1,5,ontime,3
MQ,LGA,214,DCA,0,1,5,ontime,0
MQ,LGA,214,DCA,0,1,5,delayed,27
MQ,LGA,214,DCA,0,1,5,ontime,2
MQ,LGA,214,DCA,0,1,5,delayed,49
UA,LGA,229,IAD,0,1,5,ontime,0
US,LGA,214,DCA,0,1,5,delayed,0
US,LGA,214,DCA,0,1,5,ontime,0
US,LGA,214,DCA,0,1,5,ontime,0
US,LGA,214,DCA,0,1,5,ontime,0
US,LGA,214,DCA,0,1,5,ontime,0
US,LGA,214,DCA,0,1,5,ontime,0
US,LGA,214,DCA,0,1,5,ontime,0
US,LGA,214,DCA,0,1,5,ontime,0
US,LGA,214,DCA,0,1,5,ontime,0
US,LGA,214,DCA,0,1,5,ontime,0
US,LGA,214,DCA,0,1,5,ontime,1
US,LGA,214,DCA,0,1,5,ontime,0
US,LGA,214,DCA,0,1,5,ontime,0
US,LGA,214,DCA,0,1,5,ontime,0
US,LGA,214,DCA,0,1,5,ontime,0
US,LGA,214,DCA,0,1,5,ontime,0
RU,EWR,169,BWI,0,1,5,delayed,44
RU,EWR,169,BWI,0,1,5,delayed,72
RU,EWR,169,BWI,0,1,5,delayed,191
CO,EWR,199,DCA,0,1,5,delayed,24
CO,EWR,199,DCA,0,1,5,ontime,0
CO,EWR,199,DCA,0,1,5,delayed,116
DH,EWR,213,IAD,0,1,5,ontime,4
DH,EWR,213,IAD,0,1,5,delayed,210
DH,EWR,213,IAD,0,1,5,delayed,112
DH,EWR,213,IAD,0,1,5,delayed,192
DH,EWR,213,IAD,0,1,5,delayed,106
DH,EWR,213,IAD,0,1,5,ontime,0
RU,EWR,199,DCA,0,1,5,ontime,0
RU,EWR,199,DCA,0,1,5,delayed,156
RU,EWR,213,IAD,0,1,5,delayed,21
RU,EWR,199,DCA,0,1,5,ontime,5
RU,EWR,213,IAD,0,1,5,ontime,0
RU,EWR,199,DCA,0,1,5,delayed,54
RU,EWR,199,DCA,0,1,5,delayed,204
RU,EWR,213,IAD,0,1,5,delayed,87
RU,EWR,213,IAD,0,1,5,ontime,0
RU,EWR,199,DCA,0,1,5,delayed,92
OH,JFK,184,BWI,0,2,6,ontime,0
DH,LGA,229,IAD,0,2,6,ontime,0
DH,LGA,229,IAD,0,2,6,ontime,0
DH,LGA,229,IAD,0,2,6,ontime,37
DH,LGA,229,IAD,0,2,6,ontime,0
DH,LGA,229,IAD,0,2,6,ontime,0
DH,JFK,228,IAD,0,2,6,ontime,15
DH,JFK,228,IAD,0,2,6,ontime,0
DH,JFK,228,IAD,0,2,6,ontime,0
DH,JFK,228,IAD,0,2,6,ontime,0
DH,JFK,228,IAD,0,2,6,delayed,41
DH,JFK,228,IAD,0,2,6,delayed,33
DH,JFK,228,IAD,0,2,6,ontime,0
DH,LGA,229,IAD,0,2,6,ontime,0
DL,JFK,213,DCA,0,2,6,ontime,2
DL,LGA,214,DCA,0,2,6,ontime,0
DL,LGA,214,DCA,0,2,6,ontime,0
DL,LGA,214,DCA,0,2,6,ontime,0
DL,LGA,214,DCA,0,2,6,ontime,0
DL,LGA,214,DCA,0,2,6,ontime,0
DL,LGA,214,DCA,0,2,6,ontime,0
DL,LGA,214,DCA,0,2,6,ontime,0
DL,LGA,214,DCA,0,2,6,ontime,0
DL,LGA,214,DCA,0,2,6,ontime,0
DL,LGA,214,DCA,0,2,6,ontime,0
DL,LGA,214,DCA,0,2,6,ontime,0
DL,LGA,214,DCA,0,2,6,ontime,0
DL,LGA,214,DCA,0,2,6,ontime,0
DL,LGA,214,DCA,0,2,6,ontime,0
DL,LGA,214,DCA,0,2,6,ontime,1
MQ,JFK,213,DCA,0,2,6,ontime,18
MQ,JFK,213,DCA,0,2,6,ontime,0
MQ,JFK,213,DCA,0,2,6,ontime,13
MQ,LGA,214,DCA,0,2,6,ontime,0
MQ,LGA,214,DCA,0,2,6,ontime,17
MQ,LGA,214,DCA,0,2,6,ontime,0
MQ,LGA,214,DCA,0,2,6,ontime,0
MQ,LGA,214,DCA,0,2,6,ontime,13
MQ,LGA,214,DCA,0,2,6,ontime,0
MQ,LGA,214,DCA,0,2,6,delayed,35
MQ,LGA,214,DCA,0,2,6,ontime,0
MQ,LGA,214,DCA,0,2,6,ontime,0
MQ,LGA,214,DCA,0,2,6,ontime,4
UA,LGA,229,IAD,0,2,6,ontime,0
US,LGA,214,DCA,0,2,6,ontime,0
US,LGA,214,DCA,0,2,6,ontime,0
US,LGA,214,DCA,0,2,6,ontime,0
US,LGA,214,DCA,0,2,6,ontime,0
US,LGA,214,DCA,0,2,6,ontime,0
US,LGA,214,DCA,0,2,6,ontime,0
US,LGA,214,DCA,0,2,6,ontime,0
US,LGA,214,DCA,0,2,6,ontime,0
US,LGA,214,DCA,0,2,6,ontime,0
US,LGA,214,DCA,0,2,6,ontime,0
US,LGA,214,DCA,0,2,6,ontime,0
US,LGA,214,DCA,0,2,6,ontime,0
US,LGA,214,DCA,0,2,6,ontime,0
US,LGA,214,DCA,0,2,6,ontime,0
US,LGA,214,DCA,0,2,6,ontime,0
US,LGA,214,DCA,0,2,6,ontime,4
RU,EWR,169,BWI,0,2,6,ontime,0
RU,EWR,169,BWI,0,2,6,delayed,9
RU,EWR,169,BWI,0,2,6,ontime,0
RU,EWR,169,BWI,0,2,6,ontime,7
CO,EWR,199,DCA,0,2,6,delayed,10
CO,EWR,199,DCA,0,2,6,ontime,0
CO,EWR,199,DCA,0,2,6,delayed,0
CO,EWR,199,DCA,0,2,6,ontime,0
DH,EWR,213,IAD,0,2,6,ontime,7
DH,EWR,213,IAD,0,2,6,ontime,0
DH,EWR,213,IAD,0,2,6,ontime,0
DH,EWR,213,IAD,0,2,6,ontime,0
DH,EWR,213,IAD,0,2,6,ontime,5
DH,EWR,213,IAD,0,2,6,ontime,0
RU,EWR,199,DCA,0,2,6,delayed,122
RU,EWR,199,DCA,0,2,6,ontime,0
RU,EWR,213,IAD,0,2,6,delayed,1
RU,EWR,213,IAD,0,2,6,ontime,0
RU,EWR,213,IAD,0,2,6,ontime,0
RU,EWR,199,DCA,0,2,6,delayed,119
RU,EWR,213,IAD,0,2,6,ontime,0
RU,EWR,199,DCA,0,2,6,ontime,0
RU,EWR,213,IAD,0,2,6,ontime,0
RU,EWR,199,DCA,0,2,6,ontime,0
RU,EWR,199,DCA,0,2,6,ontime,0
OH,JFK,184,BWI,0,3,7,ontime,0
DH,JFK,213,DCA,0,3,7,ontime,0
DH,LGA,229,IAD,0,3,7,ontime,61
DH,LGA,229,IAD,0,3,7,ontime,0
DH,LGA,229,IAD,0,3,7,delayed,98
DH,LGA,229,IAD,0,3,7,ontime,0
DH,LGA,229,IAD,0,3,7,ontime,0
DH,JFK,228,IAD,0,3,7,ontime,0
DH,JFK,228,IAD,0,3,7,ontime,0
DH,JFK,228,IAD,0,3,7,ontime,66
DH,JFK,228,IAD,0,3,7,ontime,0
DH,JFK,228,IAD,0,3,7,delayed,207
DH,JFK,228,IAD,0,3,7,ontime,0
DH,JFK,228,IAD,0,3,7,ontime,0
DL,JFK,213,DCA,0,3,7,ontime,46
DL,LGA,214,DCA,0,3,7,ontime,1
DL,LGA,214,DCA,0,3,7,ontime,1
DL,LGA,214,DCA,0,3,7,ontime,2
DL,LGA,214,DCA,0,3,7,ontime,0
DL,LGA,214,DCA,0,3,7,ontime,1
DL,LGA,214,DCA,0,3,7,ontime,1
DL,LGA,214,DCA,0,3,7,ontime,0
DL,LGA,214,DCA,0,3,7,ontime,0
DL,LGA,214,DCA,0,3,7,ontime,0
DL,LGA,214,DCA,0,3,7,ontime,0
DL,LGA,214,DCA,0,3,7,ontime,0
DL,LGA,214,DCA,0,3,7,ontime,0
DL,LGA,214,DCA,0,3,7,ontime,0
DL,LGA,214,DCA,0,3,7,ontime,0
MQ,JFK,213,DCA,0,3,7,ontime,0
MQ,JFK,213,DCA,0,3,7,ontime,0
MQ,JFK,213,DCA,0,3,7,delayed,88
MQ,LGA,214,DCA,0,3,7,ontime,0
MQ,LGA,214,DCA,0,3,7,ontime,0
MQ,LGA,214,DCA,0,3,7,ontime,0
MQ,LGA,214,DCA,0,3,7,ontime,0
MQ,LGA,214,DCA,0,3,7,ontime,0
MQ,LGA,214,DCA,0,3,7,ontime,0
MQ,LGA,214,DCA,0,3,7,delayed,0
MQ,LGA,214,DCA,0,3,7,delayed,24
MQ,LGA,214,DCA,0,3,7,delayed,114
UA,LGA,229,IAD,0,3,7,ontime,0
US,LGA,214,DCA,0,3,7,ontime,0
US,LGA,214,DCA,0,3,7,ontime,0
US,LGA,214,DCA,0,3,7,ontime,0
US,LGA,214,DCA,0,3,7,ontime,0
US,LGA,214,DCA,0,3,7,ontime,0
US,LGA,214,DCA,0,3,7,ontime,0
US,LGA,214,DCA,0,3,7,ontime,0
US,LGA,214,DCA,0,3,7,ontime,0
US,LGA,214,DCA,0,3,7,ontime,0
US,LGA,214,DCA,0,3,7,delayed,0
US,LGA,214,DCA,0,3,7,delayed,0
US,LGA,214,DCA,0,3,7,ontime,0
US,LGA,214,DCA,0,3,7,ontime,0
US,LGA,214,DCA,0,3,7,ontime,0
US,LGA,214,DCA,0,3,7,delayed,0
US,LGA,214,DCA,0,3,7,ontime,0
RU,EWR,169,BWI,0,3,7,ontime,0
RU,EWR,169,BWI,0,3,7,ontime,4
RU,EWR,169,BWI,0,3,7,delayed,200
RU,EWR,169,BWI,0,3,7,delayed,14
CO,EWR,199,DCA,0,3,7,ontime,0
CO,EWR,199,DCA,0,3,7,delayed,48
CO,EWR,199,DCA,0,3,7,delayed,83
CO,EWR,199,DCA,0,3,7,ontime,0
DH,EWR,213,IAD,0,3,7,ontime,0
DH,EWR,213,IAD,0,3,7,ontime,15
DH,EWR,213,IAD,0,3,7,delayed,75
DH,EWR,213,IAD,0,3,7,ontime,0
DH,EWR,213,IAD,0,3,7,ontime,0
DH,EWR,213,IAD,0,3,7,ontime,9
RU,EWR,199,DCA,0,3,7,ontime,0
RU,EWR,213,IAD,0,3,7,delayed,31
RU,EWR,213,IAD,0,3,7,delayed,0
RU,EWR,199,DCA,0,3,7,ontime,0
RU,EWR,213,IAD,0,3,7,ontime,0
RU,EWR,213,IAD,0,3,7,ontime,0
RU,EWR,213,IAD,0,3,7,delayed,55
RU,EWR,199,DCA,0,3,7,ontime,0
RU,EWR,199,DCA,0,3,7,ontime,0
RU,EWR,199,DCA,0,3,7,ontime,0
RU,EWR,199,DCA,0,3,7,ontime,0
OH,JFK,184,BWI,0,4,8,ontime,0
DH,JFK,213,DCA,0,4,8,delayed,0
DH,LGA,229,IAD,0,4,8,ontime,0
DH,LGA,229,IAD,0,4,8,delayed,251
DH,LGA,229,IAD,0,4,8,delayed,0
DH,LGA,229,IAD,0,4,8,delayed,31
DH,LGA,229,IAD,0,4,8,ontime,8
DH,LGA,229,IAD,0,4,8,ontime,0
DH,JFK,228,IAD,0,4,8,ontime,12
DH,JFK,228,IAD,0,4,8,ontime,0
DH,JFK,228,IAD,0,4,8,ontime,0
DH,JFK,228,IAD,0,4,8,ontime,0
DH,JFK,228,IAD,0,4,8,ontime,0
DH,JFK,228,IAD,0,4,8,ontime,15
DH,JFK,228,IAD,0,4,8,ontime,0
DL,JFK,213,DCA,0,4,8,delayed,146
DL,LGA,214,DCA,0,4,8,ontime,0
DL,LGA,214,DCA,0,4,8,ontime,0
DL,LGA,214,DCA,0,4,8,ontime,0
DL,LGA,214,DCA,0,4,8,ontime,1
DL,LGA,214,DCA,0,4,8,ontime,0
DL,LGA,214,DCA,0,4,8,ontime,0
DL,LGA,214,DCA,0,4,8,ontime,1
DL,LGA,214,DCA,0,4,8,ontime,0
DL,LGA,214,DCA,0,4,8,ontime,0
DL,LGA,214,DCA,0,4,8,ontime,3
DL,LGA,214,DCA,0,4,8,ontime,0
DL,LGA,214,DCA,0,4,8,ontime,1
DL,LGA,214,DCA,0,4,8,ontime,3
DL,LGA,214,DCA,0,4,8,ontime,0
DL,LGA,214,DCA,0,4,8,ontime,0
MQ,JFK,213,DCA,0,4,8,ontime,0
MQ,JFK,213,DCA,0,4,8,ontime,0
MQ,JFK,213,DCA,0,4,8,ontime,14
MQ,LGA,214,DCA,0,4,8,ontime,22
MQ,LGA,214,DCA,0,4,8,ontime,0
MQ,LGA,214,DCA,0,4,8,ontime,0
MQ,LGA,214,DCA,0,4,8,ontime,0
MQ,LGA,214,DCA,0,4,8,ontime,0
MQ,LGA,214,DCA,0,4,8,ontime,0
MQ,LGA,214,DCA,0,4,8,ontime,0
MQ,LGA,214,DCA,0,4,8,ontime,0
MQ,LGA,214,DCA,0,4,8,ontime,0
UA,LGA,229,IAD,0,4,8,ontime,0
US,LGA,214,DCA,0,4,8,ontime,0
US,LGA,214,DCA,0,4,8,ontime,0
US,LGA,214,DCA,0,4,8,ontime,0
US,LGA,214,DCA,0,4,8,ontime,0
US,LGA,214,DCA,0,4,8,ontime,0
US,LGA,214,DCA,0,4,8,ontime,0
US,LGA,214,DCA,0,4,8,ontime,0
US,LGA,214,DCA,0,4,8,ontime,0
US,LGA,214,DCA,0,4,8,ontime,8
US,LGA,214,DCA,0,4,8,ontime,0
US,LGA,214,DCA,0,4,8,ontime,0
US,LGA,214,DCA,0,4,8,delayed,33
US,LGA,214,DCA,0,4,8,ontime,0
US,LGA,214,DCA,0,4,8,delayed,16
US,LGA,214,DCA,0,4,8,delayed,31
US,LGA,214,DCA,0,4,8,ontime,0
RU,EWR,169,BWI,0,4,8,ontime,19
RU,EWR,169,BWI,0,4,8,ontime,1
RU,EWR,169,BWI,0,4,8,ontime,0
RU,EWR,169,BWI,0,4,8,ontime,0
CO,EWR,199,DCA,0,4,8,ontime,0
CO,EWR,199,DCA,0,4,8,ontime,0
CO,EWR,199,DCA,0,4,8,ontime,0
CO,EWR,199,DCA,0,4,8,ontime,0
DH,EWR,213,IAD,0,4,8,ontime,0
DH,EWR,213,IAD,0,4,8,ontime,0
DH,EWR,213,IAD,0,4,8,ontime,0
DH,EWR,213,IAD,0,4,8,ontime,0
DH,EWR,213,IAD,0,4,8,ontime,0
DH,EWR,213,IAD,0,4,8,ontime,0
RU,EWR,213,IAD,0,4,8,ontime,0
RU,EWR,213,IAD,0,4,8,ontime,0
RU,EWR,213,IAD,0,4,8,ontime,0
RU,EWR,199,DCA,0,4,8,ontime,0
RU,EWR,199,DCA,0,4,8,delayed,9
RU,EWR,199,DCA,0,4,8,ontime,0
RU,EWR,213,IAD,0,4,8,ontime,7
RU,EWR,213,IAD,0,4,8,ontime,0
RU,EWR,199,DCA,0,4,8,ontime,0
RU,EWR,199,DCA,0,4,8,ontime,0
RU,EWR,199,DCA,0,4,8,ontime,2
OH,JFK,184,BWI,0,5,9,ontime,0
DH,JFK,213,DCA,0,5,9,ontime,0
DH,LGA,229,IAD,0,5,9,ontime,12
DH,LGA,229,IAD,0,5,9,delayed,153
DH,LGA,229,IAD,0,5,9,delayed,391
DH,LGA,229,IAD,0,5,9,ontime,14
DH,LGA,229,IAD,0,5,9,delayed,74
DH,LGA,229,IAD,0,5,9,ontime,66
DH,JFK,228,IAD,0,5,9,delayed,0
DH,JFK,228,IAD,0,5,9,ontime,0
DH,JFK,228,IAD,0,5,9,ontime,0
DH,JFK,228,IAD,0,5,9,ontime,0
DH,JFK,228,IAD,0,5,9,ontime,0
DH,JFK,228,IAD,0,5,9,ontime,0
DH,JFK,228,IAD,0,5,9,ontime,7
DL,JFK,213,DCA,0,5,9,ontime,51
DL,LGA,214,DCA,0,5,9,ontime,0
DL,LGA,214,DCA,0,5,9,delayed,0
DL,LGA,214,DCA,0,5,9,ontime,2
DL,LGA,214,DCA,0,5,9,ontime,0
DL,LGA,214,DCA,0,5,9,ontime,2
DL,LGA,214,DCA,0,5,9,ontime,1
DL,LGA,214,DCA,0,5,9,ontime,0
DL,LGA,214,DCA,0,5,9,ontime,0
DL,LGA,214,DCA,0,5,9,ontime,2
DL,LGA,214,DCA,0,5,9,ontime,0
DL,LGA,214,DCA,0,5,9,ontime,3
DL,LGA,214,DCA,0,5,9,ontime,5
DL,LGA,214,DCA,0,5,9,ontime,0
DL,LGA,214,DCA,0,5,9,ontime,1
DL,LGA,214,DCA,0,5,9,ontime,0
MQ,JFK,213,DCA,0,5,9,ontime,5
MQ,JFK,213,DCA,0,5,9,ontime,0
MQ,JFK,213,DCA,0,5,9,delayed,21
MQ,LGA,214,DCA,0,5,9,delayed,43
MQ,LGA,214,DCA,0,5,9,ontime,0
MQ,LGA,214,DCA,0,5,9,delayed,41
MQ,LGA,214,DCA,0,5,9,ontime,0
MQ,LGA,214,DCA,0,5,9,ontime,0
MQ,LGA,214,DCA,0,5,9,ontime,3
MQ,LGA,214,DCA,0,5,9,delayed,18
MQ,LGA,214,DCA,0,5,9,ontime,0
MQ,LGA,214,DCA,0,5,9,delayed,16
UA,LGA,229,IAD,0,5,9,delayed,54
US,LGA,214,DCA,0,5,9,ontime,0
US,LGA,214,DCA,0,5,9,ontime,0
US,LGA,214,DCA,0,5,9,ontime,0
US,LGA,214,DCA,0,5,9,ontime,0
US,LGA,214,DCA,0,5,9,ontime,0
US,LGA,214,DCA,0,5,9,ontime,0
US,LGA,214,DCA,0,5,9,ontime,0
US,LGA,214,DCA,0,5,9,ontime,0
US,LGA,214,DCA,0,5,9,ontime,0
US,LGA,214,DCA,0,5,9,ontime,0
US,LGA,214,DCA,0,5,9,ontime,0
US,LGA,214,DCA,0,5,9,ontime,0
US,LGA,214,DCA,0,5,9,ontime,2
US,LGA,214,DCA,0,5,9,ontime,0
US,LGA,214,DCA,0,5,9,ontime,0
RU,EWR,169,BWI,0,5,9,ontime,0
RU,EWR,169,BWI,0,5,9,ontime,0
RU,EWR,169,BWI,0,5,9,delayed,78
RU,EWR,169,BWI,0,5,9,ontime,0
CO,EWR,199,DCA,0,5,9,ontime,0
CO,EWR,199,DCA,0,5,9,ontime,0
CO,EWR,199,DCA,0,5,9,ontime,0
CO,EWR,199,DCA,0,5,9,ontime,0
DH,EWR,213,IAD,0,5,9,ontime,0
DH,EWR,213,IAD,0,5,9,ontime,0
DH,EWR,213,IAD,0,5,9,ontime,0
DH,EWR,213,IAD,0,5,9,ontime,1
DH,EWR,213,IAD,0,5,9,ontime,0
DH,EWR,213,IAD,0,5,9,ontime,0
RU,EWR,199,DCA,0,5,9,ontime,0
RU,EWR,199,DCA,0,5,9,ontime,1
RU,EWR,199,DCA,0,5,9,ontime,0
RU,EWR,213,IAD,0,5,9,delayed,0
RU,EWR,213,IAD,0,5,9,ontime,0
RU,EWR,213,IAD,0,5,9,ontime,0
RU,EWR,213,IAD,0,5,9,ontime,0
RU,EWR,199,DCA,0,5,9,ontime,0
RU,EWR,199,DCA,0,5,9,ontime,0
RU,EWR,213,IAD,0,5,9,ontime,0
RU,EWR,199,DCA,0,5,9,ontime,0
OH,JFK,184,BWI,0,6,10,ontime,0
DH,JFK,213,DCA,0,6,10,delayed,0
DH,LGA,229,IAD,0,6,10,ontime,0
DH,LGA,229,IAD,0,6,10,ontime,0
DH,LGA,229,IAD,0,6,10,ontime,10
DH,JFK,228,IAD,0,6,10,delayed,78
DH,JFK,228,IAD,0,6,10,delayed,63
DH,JFK,228,IAD,0,6,10,ontime,0
DH,JFK,228,IAD,0,6,10,ontime,0
DH,JFK,228,IAD,0,6,10,ontime,6
DH,JFK,228,IAD,0,6,10,ontime,0
DL,JFK,213,DCA,0,6,10,delayed,50
DL,LGA,214,DCA,0,6,10,ontime,0
DL,LGA,214,DCA,0,6,10,ontime,2
DL,LGA,214,DCA,0,6,10,ontime,0
DL,LGA,214,DCA,0,6,10,ontime,0
DL,LGA,214,DCA,0,6,10,ontime,0
DL,LGA,214,DCA,0,6,10,ontime,0
DL,LGA,214,DCA,0,6,10,ontime,0
DL,LGA,214,DCA,0,6,10,ontime,1
MQ,JFK,213,DCA,0,6,10,ontime,0
MQ,JFK,213,DCA,0,6,10,delayed,0
MQ,JFK,213,DCA,0,6,10,ontime,0
MQ,LGA,214,DCA,0,6,10,ontime,0
MQ,LGA,214,DCA,0,6,10,ontime,9
UA,LGA,229,IAD,0,6,10,ontime,0
US,LGA,214,DCA,0,6,10,ontime,0
US,LGA,214,DCA,0,6,10,ontime,0
US,LGA,214,DCA,0,6,10,ontime,0
US,LGA,214,DCA,0,6,10,ontime,0
US,LGA,214,DCA,0,6,10,ontime,0
US,LGA,214,DCA,0,6,10,ontime,0
US,LGA,214,DCA,0,6,10,ontime,0
RU,EWR,169,BWI,0,6,10,ontime,3
RU,EWR,169,BWI,0,6,10,ontime,0
RU,EWR,169,BWI,0,6,10,ontime,0
RU,EWR,169,BWI,0,6,10,ontime,0
CO,EWR,199,DCA,0,6,10,ontime,0
DH,EWR,213,IAD,0,6,10,ontime,66
DH,EWR,213,IAD,0,6,10,ontime,0
DH,EWR,213,IAD,0,6,10,ontime,10
DH,EWR,213,IAD,0,6,10,ontime,0
RU,EWR,213,IAD,0,6,10,ontime,0
RU,EWR,213,IAD,0,6,10,ontime,0
RU,EWR,199,DCA,0,6,10,ontime,0
RU,EWR,213,IAD,0,6,10,ontime,0
RU,EWR,199,DCA,0,6,10,ontime,0
RU,EWR,199,DCA,0,6,10,ontime,0
RU,EWR,199,DCA,0,6,10,ontime,0
RU,EWR,199,DCA,0,6,10,ontime,0
OH,JFK,184,BWI,0,7,11,ontime,0
DH,JFK,213,DCA,0,7,11,ontime,0
DH,LGA,229,IAD,0,7,11,ontime,59
DH,LGA,229,IAD,0,7,11,ontime,45
DH,LGA,229,IAD,0,7,11,ontime,0
DH,LGA,229,IAD,0,7,11,ontime,0
DH,JFK,228,IAD,0,7,11,ontime,0
DH,JFK,228,IAD,0,7,11,ontime,0
DH,JFK,228,IAD,0,7,11,delayed,78
DH,JFK,228,IAD,0,7,11,ontime,0
DH,JFK,228,IAD,0,7,11,ontime,0
DH,JFK,228,IAD,0,7,11,delayed,35
DH,JFK,228,IAD,0,7,11,ontime,17
DL,JFK,213,DCA,0,7,11,delayed,1
DL,LGA,214,DCA,0,7,11,ontime,0
DL,LGA,214,DCA,0,7,11,ontime,0
DL,LGA,214,DCA,0,7,11,ontime,0
DL,LGA,214,DCA,0,7,11,ontime,1
DL,LGA,214,DCA,0,7,11,ontime,0
DL,LGA,214,DCA,0,7,11,ontime,0
DL,LGA,214,DCA,0,7,11,ontime,0
DL,LGA,214,DCA,0,7,11,ontime,0
DL,LGA,214,DCA,0,7,11,ontime,2
DL,LGA,214,DCA,0,7,11,ontime,12
DL,LGA,214,DCA,0,7,11,ontime,0
DL,LGA,214,DCA,0,7,11,ontime,2
MQ,JFK,213,DCA,0,7,11,ontime,0
MQ,JFK,213,DCA,0,7,11,ontime,0
MQ,JFK,213,DCA,0,7,11,ontime,0
MQ,JFK,213,DCA,0,7,11,delayed,185
MQ,LGA,214,DCA,0,7,11,delayed,0
MQ,LGA,214,DCA,0,7,11,ontime,0
MQ,LGA,214,DCA,0,7,11,ontime,0
MQ,LGA,214,DCA,0,7,11,ontime,0
UA,LGA,229,IAD,0,7,11,ontime,0
US,LGA,214,DCA,0,7,11,ontime,0
US,LGA,214,DCA,0,7,11,ontime,0
US,LGA,214,DCA,0,7,11,ontime,0
US,LGA,214,DCA,0,7,11,ontime,2
US,LGA,214,DCA,0,7,11,ontime,0
US,LGA,214,DCA,0,7,11,ontime,0
US,LGA,214,DCA,0,7,11,ontime,0
US,LGA,214,DCA,0,7,11,ontime,0
US,LGA,214,DCA,0,7,11,ontime,0
US,LGA,214,DCA,0,7,11,ontime,0
US,LGA,214,DCA,0,7,11,ontime,0
US,LGA,214,DCA,0,7,11,ontime,2
US,LGA,214,DCA,0,7,11,ontime,0
RU,EWR,169,BWI,0,7,11,ontime,16
RU,EWR,169,BWI,0,7,11,ontime,0
RU,EWR,169,BWI,0,7,11,ontime,0
RU,EWR,169,BWI,0,7,11,ontime,0
CO,EWR,199,DCA,0,7,11,ontime,0
CO,EWR,199,DCA,0,7,11,ontime,0
CO,EWR,199,DCA,0,7,11,ontime,0
DH,EWR,213,IAD,0,7,11,ontime,0
DH,EWR,213,IAD,0,7,11,ontime,0
DH,EWR,213,IAD,0,7,11,ontime,0
DH,EWR,213,IAD,0,7,11,ontime,0
DH,EWR,213,IAD,0,7,11,delayed,101
RU,EWR,199,DCA,0,7,11,ontime,0
RU,EWR,213,IAD,0,7,11,ontime,0
RU,EWR,213,IAD,0,7,11,ontime,0
RU,EWR,199,DCA,0,7,11,ontime,0
RU,EWR,199,DCA,0,7,11,ontime,0
RU,EWR,199,DCA,0,7,11,ontime,0
RU,EWR,213,IAD,0,7,11,ontime,1
RU,EWR,213,IAD,0,7,11,ontime,0
OH,JFK,184,BWI,0,1,12,ontime,0
DH,JFK,213,DCA,0,1,12,ontime,0
DH,LGA,229,IAD,0,1,12,ontime,0
DH,LGA,229,IAD,0,1,12,ontime,0
DH,LGA,229,IAD,0,1,12,ontime,0
DH,LGA,229,IAD,0,1,12,ontime,0
DH,LGA,229,IAD,0,1,12,delayed,1
DH,LGA,229,IAD,0,1,12,ontime,0
DH,JFK,228,IAD,0,1,12,ontime,0
DH,JFK,228,IAD,0,1,12,ontime,0
DH,JFK,228,IAD,0,1,12,delayed,80
DH,JFK,228,IAD,0,1,12,ontime,0
DH,JFK,228,IAD,0,1,12,ontime,0
DH,JFK,228,IAD,0,1,12,ontime,0
DL,JFK,213,DCA,0,1,12,ontime,0
DL,LGA,214,DCA,0,1,12,ontime,0
DL,LGA,214,DCA,0,1,12,ontime,3
DL,LGA,214,DCA,0,1,12,ontime,0
DL,LGA,214,DCA,0,1,12,delayed,74
DL,LGA,214,DCA,0,1,12,ontime,0
DL,LGA,214,DCA,0,1,12,ontime,1
DL,LGA,214,DCA,0,1,12,ontime,0
DL,LGA,214,DCA,0,1,12,ontime,0
DL,LGA,214,DCA,0,1,12,ontime,2
DL,LGA,214,DCA,0,1,12,ontime,0
DL,LGA,214,DCA,0,1,12,ontime,0
DL,LGA,214,DCA,0,1,12,ontime,0
DL,LGA,214,DCA,0,1,12,ontime,0
DL,LGA,214,DCA,0,1,12,ontime,0
DL,LGA,214,DCA,0,1,12,ontime,0
MQ,JFK,213,DCA,0,1,12,ontime,0
MQ,JFK,213,DCA,0,1,12,ontime,0
MQ,JFK,213,DCA,0,1,12,ontime,0
MQ,LGA,214,DCA,0,1,12,delayed,0
MQ,LGA,214,DCA,0,1,12,ontime,0
MQ,LGA,214,DCA,0,1,12,ontime,0
MQ,LGA,214,DCA,0,1,12,ontime,0
MQ,LGA,214,DCA,0,1,12,ontime,0
MQ,LGA,214,DCA,0,1,12,ontime,0
MQ,LGA,214,DCA,0,1,12,ontime,0
MQ,LGA,214,DCA,0,1,12,ontime,0
MQ,LGA,214,DCA,0,1,12,ontime,3
UA,LGA,229,IAD,0,1,12,ontime,0
US,LGA,214,DCA,0,1,12,ontime,0
US,LGA,214,DCA,0,1,12,delayed,0
US,LGA,214,DCA,0,1,12,ontime,0
US,LGA,214,DCA,0,1,12,ontime,0
US,LGA,214,DCA,0,1,12,ontime,0
US,LGA,214,DCA,0,1,12,delayed,0
US,LGA,214,DCA,0,1,12,ontime,0
US,LGA,214,DCA,0,1,12,ontime,0
US,LGA,214,DCA,0,1,12,ontime,0
US,LGA,214,DCA,0,1,12,ontime,0
US,LGA,214,DCA,0,1,12,ontime,0
US,LGA,214,DCA,0,1,12,delayed,0
US,LGA,214,DCA,0,1,12,ontime,0
US,LGA,214,DCA,0,1,12,ontime,0
US,LGA,214,DCA,0,1,12,ontime,0
US,LGA,214,DCA,0,1,12,ontime,0
RU,EWR,169,BWI,0,1,12,ontime,0
RU,EWR,169,BWI,0,1,12,delayed,54
RU,EWR,169,BWI,0,1,12,ontime,0
RU,EWR,169,BWI,0,1,12,ontime,10
CO,EWR,199,DCA,0,1,12,ontime,0
CO,EWR,199,DCA,0,1,12,ontime,0
CO,EWR,199,DCA,0,1,12,delayed,2
CO,EWR,199,DCA,0,1,12,ontime,0
DH,EWR,213,IAD,0,1,12,ontime,0
DH,EWR,213,IAD,0,1,12,ontime,0
DH,EWR,213,IAD,0,1,12,delayed,114
DH,EWR,213,IAD,0,1,12,ontime,0
DH,EWR,213,IAD,0,1,12,ontime,0
DH,EWR,213,IAD,0,1,12,ontime,0
RU,EWR,199,DCA,0,1,12,ontime,0
RU,EWR,199,DCA,0,1,12,ontime,0
RU,EWR,199,DCA,0,1,12,ontime,0
RU,EWR,213,IAD,0,1,12,ontime,0
RU,EWR,213,IAD,0,1,12,ontime,0
RU,EWR,199,DCA,0,1,12,ontime,0
RU,EWR,213,IAD,0,1,12,ontime,0
RU,EWR,199,DCA,0,1,12,ontime,6
RU,EWR,199,DCA,0,1,12,ontime,0
RU,EWR,213,IAD,0,1,12,ontime,0
RU,EWR,213,IAD,0,1,12,ontime,0
OH,JFK,184,BWI,0,2,13,ontime,0
DH,JFK,213,DCA,0,2,13,ontime,0
DH,LGA,229,IAD,0,2,13,ontime,0
DH,LGA,229,IAD,0,2,13,delayed,207
DH,LGA,229,IAD,0,2,13,ontime,4
DH,LGA,229,IAD,0,2,13,delayed,15
DH,LGA,229,IAD,0,2,13,ontime,0
DH,JFK,228,IAD,0,2,13,ontime,0
DH,JFK,228,IAD,0,2,13,ontime,0
DH,JFK,228,IAD,0,2,13,ontime,0
DH,JFK,228,IAD,0,2,13,ontime,0
DH,JFK,228,IAD,0,2,13,ontime,0
DH,JFK,228,IAD,0,2,13,ontime,5
DH,JFK,228,IAD,0,2,13,delayed,32
DL,JFK,213,DCA,0,2,13,ontime,0
DL,LGA,214,DCA,0,2,13,ontime,0
DL,LGA,214,DCA,0,2,13,ontime,0
DL,LGA,214,DCA,0,2,13,ontime,1
DL,LGA,214,DCA,0,2,13,ontime,0
DL,LGA,214,DCA,0,2,13,ontime,0
DL,LGA,214,DCA,0,2,13,ontime,0
DL,LGA,214,DCA,0,2,13,ontime,0
DL,LGA,214,DCA,0,2,13,ontime,0
DL,LGA,214,DCA,0,2,13,ontime,0
DL,LGA,214,DCA,0,2,13,ontime,0
DL,LGA,214,DCA,0,2,13,delayed,4
DL,LGA,214,DCA,0,2,13,ontime,3
DL,LGA,214,DCA,0,2,13,ontime,0
DL,LGA,214,DCA,0,2,13,ontime,0
DL,LGA,214,DCA,0,2,13,delayed,0
MQ,JFK,213,DCA,0,2,13,ontime,0
MQ,JFK,213,DCA,0,2,13,ontime,0
MQ,JFK,213,DCA,0,2,13,delayed,21
MQ,LGA,214,DCA,0,2,13,ontime,0
MQ,LGA,214,DCA,0,2,13,ontime,0
MQ,LGA,214,DCA,0,2,13,ontime,0
MQ,LGA,214,DCA,0,2,13,ontime,0
MQ,LGA,214,DCA,0,2,13,ontime,0
MQ,LGA,214,DCA,0,2,13,ontime,1
MQ,LGA,214,DCA,0,2,13,ontime,0
MQ,LGA,214,DCA,0,2,13,delayed,100
MQ,LGA,214,DCA,0,2,13,delayed,111
MQ,LGA,214,DCA,0,2,13,delayed,107
UA,LGA,229,IAD,0,2,13,ontime,0
US,LGA,214,DCA,0,2,13,ontime,0
US,LGA,214,DCA,0,2,13,ontime,0
US,LGA,214,DCA,0,2,13,ontime,0
US,LGA,214,DCA,0,2,13,ontime,0
US,LGA,214,DCA,0,2,13,ontime,0
US,LGA,214,DCA,0,2,13,ontime,0
US,LGA,214,DCA,0,2,13,ontime,0
US,LGA,214,DCA,0,2,13,ontime,0
US,LGA,214,DCA,0,2,13,ontime,0
US,LGA,214,DCA,0,2,13,ontime,0
US,LGA,214,DCA,0,2,13,delayed,0
US,LGA,214,DCA,0,2,13,ontime,6
US,LGA,214,DCA,0,2,13,ontime,0
US,LGA,214,DCA,0,2,13,ontime,0
US,LGA,214,DCA,0,2,13,ontime,0
US,LGA,214,DCA,0,2,13,ontime,0
RU,EWR,169,BWI,0,2,13,ontime,0
RU,EWR,169,BWI,0,2,13,delayed,111
RU,EWR,169,BWI,0,2,13,ontime,0
RU,EWR,169,BWI,0,2,13,delayed,82
CO,EWR,199,DCA,0,2,13,ontime,0
CO,EWR,199,DCA,0,2,13,delayed,86
CO,EWR,199,DCA,0,2,13,delayed,24
CO,EWR,199,DCA,0,2,13,ontime,0
DH,EWR,213,IAD,0,2,13,ontime,0
DH,EWR,213,IAD,0,2,13,ontime,0
DH,EWR,213,IAD,0,2,13,ontime,0
DH,EWR,213,IAD,0,2,13,ontime,0
DH,EWR,213,IAD,0,2,13,ontime,0
DH,EWR,213,IAD,0,2,13,delayed,310
RU,EWR,213,IAD,0,2,13,ontime,0
RU,EWR,213,IAD,0,2,13,ontime,0
RU,EWR,213,IAD,0,2,13,ontime,0
RU,EWR,213,IAD,0,2,13,ontime,0
RU,EWR,199,DCA,0,2,13,ontime,0
RU,EWR,213,IAD,0,2,13,delayed,27
RU,EWR,199,DCA,0,2,13,ontime,0
RU,EWR,199,DCA,0,2,13,ontime,0
RU,EWR,199,DCA,0,2,13,ontime,0
RU,EWR,199,DCA,0,2,13,ontime,0
RU,EWR,199,DCA,0,2,13,ontime,0
OH,JFK,184,BWI,0,3,14,ontime,45
DH,JFK,213,DCA,0,3,14,ontime,0
DH,LGA,229,IAD,0,3,14,ontime,0
DH,LGA,229,IAD,0,3,14,ontime,7
DH,LGA,229,IAD,0,3,14,ontime,0
DH,LGA,229,IAD,0,3,14,ontime,0
DH,LGA,229,IAD,0,3,14,ontime,0
DH,JFK,228,IAD,0,3,14,ontime,4
DH,JFK,228,IAD,0,3,14,ontime,3
DH,JFK,228,IAD,0,3,14,ontime,0
DH,JFK,228,IAD,0,3,14,ontime,0
DH,JFK,228,IAD,0,3,14,ontime,0
DH,JFK,228,IAD,0,3,14,ontime,0
DH,JFK,228,IAD,0,3,14,ontime,21
DL,JFK,213,DCA,0,3,14,ontime,0
DL,LGA,214,DCA,0,3,14,ontime,1
DL,LGA,214,DCA,0,3,14,ontime,0
DL,LGA,214,DCA,0,3,14,ontime,0
DL,LGA,214,DCA,0,3,14,ontime,0
DL,LGA,214,DCA,0,3,14,ontime,0
DL,LGA,214,DCA,0,3,14,delayed,2
DL,LGA,214,DCA,0,3,14,ontime,0
DL,LGA,214,DCA,0,3,14,ontime,0
DL,LGA,214,DCA,0,3,14,ontime,1
DL,LGA,214,DCA,0,3,14,delayed,0
DL,LGA,214,DCA,0,3,14,ontime,1
DL,LGA,214,DCA,0,3,14,ontime,0
DL,LGA,214,DCA,0,3,14,ontime,0
DL,LGA,214,DCA,0,3,14,delayed,0
DL,LGA,214,DCA,0,3,14,delayed,0
MQ,JFK,213,DCA,0,3,14,ontime,0
MQ,JFK,213,DCA,0,3,14,ontime,0
MQ,JFK,213,DCA,0,3,14,ontime,0
MQ,LGA,214,DCA,0,3,14,delayed,0
MQ,LGA,214,DCA,0,3,14,ontime,0
MQ,LGA,214,DCA,0,3,14,ontime,0
MQ,LGA,214,DCA,0,3,14,delayed,11
MQ,LGA,214,DCA,0,3,14,ontime,0
MQ,LGA,214,DCA,0,3,14,ontime,0
MQ,LGA,214,DCA,0,3,14,ontime,12
MQ,LGA,214,DCA,0,3,14,ontime,0
MQ,LGA,214,DCA,0,3,14,ontime,17
UA,LGA,229,IAD,0,3,14,ontime,0
US,LGA,214,DCA,0,3,14,ontime,0
US,LGA,214,DCA,0,3,14,ontime,0
US,LGA,214,DCA,0,3,14,ontime,0
US,LGA,214,DCA,0,3,14,ontime,0
US,LGA,214,DCA,0,3,14,ontime,1
US,LGA,214,DCA,0,3,14,ontime,0
US,LGA,214,DCA,0,3,14,ontime,0
US,LGA,214,DCA,0,3,14,ontime,0
US,LGA,214,DCA,0,3,14,ontime,0
US,LGA,214,DCA,0,3,14,ontime,0
US,LGA,214,DCA,0,3,14,ontime,0
US,LGA,214,DCA,0,3,14,ontime,0
US,LGA,214,DCA,0,3,14,ontime,0
US,LGA,214,DCA,0,3,14,ontime,0
US,LGA,214,DCA,0,3,14,delayed,0
US,LGA,214,DCA,0,3,14,ontime,0
RU,EWR,169,BWI,0,3,14,ontime,0
RU,EWR,169,BWI,0,3,14,ontime,0
RU,EWR,169,BWI,0,3,14,ontime,2
RU,EWR,169,BWI,0,3,14,ontime,5
CO,EWR,199,DCA,0,3,14,ontime,0
CO,EWR,199,DCA,0,3,14,ontime,15
CO,EWR,199,DCA,0,3,14,ontime,0
CO,EWR,199,DCA,0,3,14,delayed,15
DH,EWR,213,IAD,0,3,14,ontime,8
DH,EWR,213,IAD,0,3,14,ontime,0
DH,EWR,213,IAD,0,3,14,ontime,0
DH,EWR,213,IAD,0,3,14,delayed,210
DH,EWR,213,IAD,0,3,14,ontime,0
DH,EWR,213,IAD,0,3,14,delayed,72
RU,EWR,213,IAD,0,3,14,ontime,0
RU,EWR,213,IAD,0,3,14,ontime,3
RU,EWR,199,DCA,0,3,14,ontime,0
RU,EWR,199,DCA,0,3,14,ontime,0
RU,EWR,199,DCA,0,3,14,ontime,0
RU,EWR,213,IAD,0,3,14,ontime,0
RU,EWR,199,DCA,0,3,14,ontime,0
RU,EWR,213,IAD,0,3,14,ontime,0
RU,EWR,213,IAD,0,3,14,ontime,0
RU,EWR,199,DCA,0,3,14,ontime,0
RU,EWR,199,DCA,0,3,14,ontime,0
OH,JFK,184,BWI,0,4,15,ontime,0
DH,JFK,213,DCA,0,4,15,ontime,0
DH,LGA,229,IAD,0,4,15,ontime,65
DH,LGA,229,IAD,0,4,15,delayed,90
DH,LGA,229,IAD,0,4,15,delayed,13
DH,JFK,228,IAD,0,4,15,ontime,18
DH,JFK,228,IAD,0,4,15,ontime,0
DH,JFK,228,IAD,0,4,15,ontime,47
DH,JFK,228,IAD,0,4,15,ontime,0
DH,JFK,228,IAD,0,4,15,ontime,0
DH,JFK,228,IAD,0,4,15,ontime,18
DH,JFK,228,IAD,0,4,15,ontime,0
DL,JFK,213,DCA,0,4,15,ontime,46
DL,LGA,214,DCA,0,4,15,ontime,0
DL,LGA,214,DCA,0,4,15,delayed,0
DL,LGA,214,DCA,0,4,15,ontime,13
DL,LGA,214,DCA,0,4,15,ontime,0
DL,LGA,214,DCA,0,4,15,ontime,0
DL,LGA,214,DCA,0,4,15,ontime,0
DL,LGA,214,DCA,0,4,15,ontime,0
DL,LGA,214,DCA,0,4,15,ontime,0
DL,LGA,214,DCA,0,4,15,ontime,6
DL,LGA,214,DCA,0,4,15,ontime,1
DL,LGA,214,DCA,0,4,15,delayed,0
DL,LGA,214,DCA,0,4,15,delayed,0
MQ,JFK,213,DCA,0,4,15,ontime,0
MQ,JFK,213,DCA,0,4,15,ontime,0
MQ,JFK,213,DCA,0,4,15,ontime,4
MQ,LGA,214,DCA,0,4,15,delayed,0
MQ,LGA,214,DCA,0,4,15,ontime,0
MQ,LGA,214,DCA,0,4,15,delayed,41
MQ,LGA,214,DCA,0,4,15,ontime,0
MQ,LGA,214,DCA,0,4,15,ontime,19
MQ,LGA,214,DCA,0,4,15,delayed,43
MQ,LGA,214,DCA,0,4,15,delayed,58
MQ,LGA,214,DCA,0,4,15,delayed,112
UA,LGA,229,IAD,0,4,15,delayed,105
US,LGA,214,DCA,0,4,15,delayed,0
US,LGA,214,DCA,0,4,15,ontime,15
US,LGA,214,DCA,0,4,15,delayed,119
US,LGA,214,DCA,0,4,15,ontime,0
US,LGA,214,DCA,0,4,15,ontime,0
US,LGA,214,DCA,0,4,15,ontime,0
US,LGA,214,DCA,0,4,15,ontime,0
US,LGA,214,DCA,0,4,15,ontime,0
US,LGA,214,DCA,0,4,15,ontime,1
US,LGA,214,DCA,0,4,15,ontime,0
US,LGA,214,DCA,0,4,15,delayed,0
US,LGA,214,DCA,0,4,15,delayed,0
RU,EWR,169,BWI,0,4,15,ontime,0
RU,EWR,169,BWI,0,4,15,delayed,0
RU,EWR,169,BWI,0,4,15,delayed,91
CO,EWR,199,DCA,0,4,15,delayed,80
CO,EWR,199,DCA,0,4,15,delayed,51
CO,EWR,199,DCA,0,4,15,ontime,0
DH,EWR,213,IAD,0,4,15,ontime,0
DH,EWR,213,IAD,0,4,15,ontime,0
DH,EWR,213,IAD,0,4,15,ontime,0
DH,EWR,213,IAD,0,4,15,ontime,0
RU,EWR,199,DCA,0,4,15,ontime,0
RU,EWR,213,IAD,0,4,15,delayed,52
RU,EWR,213,IAD,0,4,15,delayed,0
RU,EWR,213,IAD,0,4,15,delayed,45
RU,EWR,199,DCA,0,4,15,ontime,16
RU,EWR,199,DCA,0,4,15,ontime,0
RU,EWR,213,IAD,0,4,15,ontime,4
RU,EWR,199,DCA,0,4,15,delayed,40
RU,EWR,199,DCA,0,4,15,delayed,56
RU,EWR,199,DCA,0,4,15,ontime,0
OH,JFK,184,BWI,0,5,16,ontime,0
DH,JFK,213,DCA,0,5,16,ontime,8
DH,LGA,229,IAD,0,5,16,delayed,90
DH,LGA,229,IAD,0,5,16,delayed,237
DH,LGA,229,IAD,0,5,16,ontime,0
DH,LGA,229,IAD,0,5,16,ontime,0
DH,JFK,228,IAD,0,5,16,ontime,0
DH,JFK,228,IAD,0,5,16,ontime,6
DH,JFK,228,IAD,0,5,16,ontime,0
DH,JFK,228,IAD,0,5,16,ontime,8
DH,JFK,228,IAD,0,5,16,ontime,0
DH,JFK,228,IAD,0,5,16,ontime,7
DH,JFK,228,IAD,0,5,16,ontime,0
DL,JFK,213,DCA,0,5,16,delayed,45
DL,LGA,214,DCA,0,5,16,ontime,0
DL,LGA,214,DCA,0,5,16,ontime,9
DL,LGA,214,DCA,0,5,16,delayed,0
DL,LGA,214,DCA,0,5,16,ontime,0
DL,LGA,214,DCA,0,5,16,delayed,10
DL,LGA,214,DCA,0,5,16,ontime,0
DL,LGA,214,DCA,0,5,16,ontime,0
DL,LGA,214,DCA,0,5,16,ontime,1
DL,LGA,214,DCA,0,5,16,ontime,0
DL,LGA,214,DCA,0,5,16,ontime,2
DL,LGA,214,DCA,0,5,16,ontime,0
DL,LGA,214,DCA,0,5,16,ontime,0
DL,LGA,214,DCA,0,5,16,ontime,0
DL,LGA,214,DCA,0,5,16,ontime,1
DL,LGA,214,DCA,0,5,16,ontime,0
MQ,JFK,213,DCA,0,5,16,ontime,0
MQ,JFK,213,DCA,0,5,16,ontime,0
MQ,JFK,213,DCA,0,5,16,delayed,189
MQ,LGA,214,DCA,0,5,16,delayed,0
MQ,LGA,214,DCA,0,5,16,delayed,0
MQ,LGA,214,DCA,0,5,16,delayed,117
MQ,LGA,214,DCA,0,5,16,delayed,15
MQ,LGA,214,DCA,0,5,16,delayed,29
MQ,LGA,214,DCA,0,5,16,delayed,105
MQ,LGA,214,DCA,0,5,16,delayed,29
MQ,LGA,214,DCA,0,5,16,delayed,106
UA,LGA,229,IAD,0,5,16,delayed,105
US,LGA,214,DCA,0,5,16,ontime,0
US,LGA,214,DCA,0,5,16,ontime,0
US,LGA,214,DCA,0,5,16,ontime,0
US,LGA,214,DCA,0,5,16,delayed,0
US,LGA,214,DCA,0,5,16,ontime,0
US,LGA,214,DCA,0,5,16,ontime,0
US,LGA,214,DCA,0,5,16,ontime,0
US,LGA,214,DCA,0,5,16,ontime,0
US,LGA,214,DCA,0,5,16,ontime,0
US,LGA,214,DCA,0,5,16,ontime,0
US,LGA,214,DCA,0,5,16,ontime,0
US,LGA,214,DCA,0,5,16,ontime,0
US,LGA,214,DCA,0,5,16,ontime,0
US,LGA,214,DCA,0,5,16,delayed,0
US,LGA,214,DCA,0,5,16,ontime,0
US,LGA,214,DCA,0,5,16,ontime,0
RU,EWR,169,BWI,0,5,16,delayed,129
RU,EWR,169,BWI,0,5,16,delayed,23
RU,EWR,169,BWI,0,5,16,delayed,145
RU,EWR,169,BWI,0,5,16,ontime,0
CO,EWR,199,DCA,0,5,16,delayed,123
CO,EWR,199,DCA,0,5,16,delayed,182
CO,EWR,199,DCA,0,5,16,ontime,0
DH,EWR,213,IAD,0,5,16,ontime,0
DH,EWR,213,IAD,0,5,16,ontime,1
DH,EWR,213,IAD,0,5,16,ontime,4
DH,EWR,213,IAD,0,5,16,ontime,0
DH,EWR,213,IAD,0,5,16,delayed,70
RU,EWR,213,IAD,0,5,16,delayed,102
RU,EWR,199,DCA,0,5,16,ontime,0
RU,EWR,199,DCA,0,5,16,delayed,97
RU,EWR,199,DCA,0,5,16,delayed,190
RU,EWR,199,DCA,0,5,16,delayed,123
RU,EWR,213,IAD,0,5,16,delayed,121
RU,EWR,199,DCA,0,5,16,ontime,0
RU,EWR,213,IAD,0,5,16,delayed,145
RU,EWR,213,IAD,0,5,16,ontime,0
RU,EWR,199,DCA,0,5,16,ontime,0
RU,EWR,213,IAD,0,5,16,delayed,127
OH,JFK,184,BWI,0,6,17,ontime,0
DH,JFK,213,DCA,0,6,17,ontime,0
DH,LGA,229,IAD,0,6,17,ontime,0
DH,LGA,229,IAD,0,6,17,ontime,0
DH,LGA,229,IAD,0,6,17,delayed,110
DH,JFK,228,IAD,0,6,17,ontime,13
DH,JFK,228,IAD,0,6,17,ontime,0
DH,JFK,228,IAD,0,6,17,ontime,0
DH,JFK,228,IAD,0,6,17,delayed,5
DH,JFK,228,IAD,0,6,17,delayed,16
DH,JFK,228,IAD,0,6,17,delayed,8
DL,JFK,213,DCA,0,6,17,delayed,54
DL,LGA,214,DCA,0,6,17,ontime,0
DL,LGA,214,DCA,0,6,17,ontime,0
DL,LGA,214,DCA,0,6,17,ontime,0
DL,LGA,214,DCA,0,6,17,ontime,0
DL,LGA,214,DCA,0,6,17,delayed,78
DL,LGA,214,DCA,0,6,17,ontime,0
DL,LGA,214,DCA,0,6,17,ontime,0
MQ,JFK,213,DCA,0,6,17,ontime,0
MQ,JFK,213,DCA,0,6,17,ontime,0
MQ,JFK,213,DCA,0,6,17,ontime,0
MQ,LGA,214,DCA,0,6,17,ontime,0
MQ,LGA,214,DCA,0,6,17,ontime,0
UA,LGA,229,IAD,0,6,17,ontime,0
US,LGA,214,DCA,0,6,17,ontime,0
US,LGA,214,DCA,0,6,17,ontime,0
US,LGA,214,DCA,0,6,17,ontime,0
US,LGA,214,DCA,0,6,17,ontime,0
US,LGA,214,DCA,0,6,17,ontime,0
US,LGA,214,DCA,0,6,17,ontime,0
US,LGA,214,DCA,0,6,17,ontime,0
RU,EWR,169,BWI,0,6,17,ontime,0
RU,EWR,169,BWI,0,6,17,ontime,0
RU,EWR,169,BWI,0,6,17,ontime,0
RU,EWR,169,BWI,0,6,17,ontime,0
CO,EWR,199,DCA,0,6,17,ontime,0
DH,EWR,213,IAD,0,6,17,ontime,0
DH,EWR,213,IAD,0,6,17,ontime,0
DH,EWR,213,IAD,0,6,17,ontime,0
DH,EWR,213,IAD,0,6,17,delayed,0
RU,EWR,213,IAD,0,6,17,ontime,0
RU,EWR,199,DCA,0,6,17,ontime,1
RU,EWR,199,DCA,0,6,17,ontime,0
RU,EWR,199,DCA,0,6,17,ontime,0
RU,EWR,213,IAD,0,6,17,ontime,0
RU,EWR,199,DCA,0,6,17,ontime,0
RU,EWR,213,IAD,0,6,17,ontime,0
RU,EWR,199,DCA,0,6,17,ontime,0
OH,JFK,184,BWI,0,7,18,ontime,0
DH,JFK,213,DCA,0,7,18,delayed,19
DH,LGA,229,IAD,0,7,18,ontime,57
DH,LGA,229,IAD,0,7,18,delayed,71
DH,LGA,229,IAD,0,7,18,delayed,87
DH,LGA,229,IAD,0,7,18,ontime,0
DH,JFK,228,IAD,0,7,18,ontime,0
DH,JFK,228,IAD,0,7,18,ontime,9
DH,JFK,228,IAD,0,7,18,delayed,84
DH,JFK,228,IAD,0,7,18,ontime,1
DH,JFK,228,IAD,0,7,18,delayed,0
DH,JFK,228,IAD,0,7,18,ontime,0
DH,JFK,228,IAD,0,7,18,delayed,96
DL,JFK,213,DCA,0,7,18,delayed,100
DL,LGA,214,DCA,0,7,18,ontime,0
DL,LGA,214,DCA,0,7,18,ontime,0
DL,LGA,214,DCA,0,7,18,delayed,0
DL,LGA,214,DCA,0,7,18,ontime,0
DL,LGA,214,DCA,0,7,18,ontime,2
DL,LGA,214,DCA,0,7,18,delayed,13
DL,LGA,214,DCA,0,7,18,ontime,0
MQ,JFK,213,DCA,0,7,18,delayed,19
MQ,JFK,213,DCA,0,7,18,delayed,0
MQ,JFK,213,DCA,0,7,18,ontime,0
MQ,JFK,213,DCA,0,7,18,delayed,193
MQ,LGA,214,DCA,0,7,18,delayed,30
MQ,LGA,214,DCA,0,7,18,delayed,40
MQ,LGA,214,DCA,0,7,18,delayed,118
MQ,LGA,214,DCA,0,7,18,delayed,104
UA,LGA,229,IAD,0,7,18,ontime,0
US,LGA,214,DCA,0,7,18,ontime,0
US,LGA,214,DCA,0,7,18,ontime,0
US,LGA,214,DCA,0,7,18,ontime,2
US,LGA,214,DCA,0,7,18,ontime,0
US,LGA,214,DCA,0,7,18,delayed,0
US,LGA,214,DCA,0,7,18,ontime,0
US,LGA,214,DCA,0,7,18,delayed,0
US,LGA,214,DCA,0,7,18,ontime,0
US,LGA,214,DCA,0,7,18,ontime,0
US,LGA,214,DCA,0,7,18,ontime,0
US,LGA,214,DCA,0,7,18,ontime,0
RU,EWR,169,BWI,1,7,18,delayed,27
RU,EWR,169,BWI,0,7,18,delayed,0
RU,EWR,169,BWI,0,7,18,delayed,73
CO,EWR,199,DCA,0,7,18,ontime,0
CO,EWR,199,DCA,0,7,18,delayed,124
CO,EWR,199,DCA,0,7,18,delayed,59
DH,EWR,213,IAD,0,7,18,ontime,0
DH,EWR,213,IAD,0,7,18,delayed,190
DH,EWR,213,IAD,0,7,18,delayed,1
DH,EWR,213,IAD,0,7,18,ontime,0
RU,EWR,213,IAD,0,7,18,delayed,130
RU,EWR,199,DCA,0,7,18,delayed,263
RU,EWR,213,IAD,0,7,18,ontime,0
RU,EWR,199,DCA,0,7,18,ontime,0
OH,JFK,184,BWI,0,1,19,ontime,0
DH,JFK,213,DCA,0,1,19,ontime,0
DH,LGA,229,IAD,0,1,19,ontime,58
DH,LGA,229,IAD,0,1,19,ontime,0
DH,LGA,229,IAD,0,1,19,ontime,0
DH,LGA,229,IAD,0,1,19,delayed,0
DH,LGA,229,IAD,0,1,19,delayed,207
DH,LGA,229,IAD,0,1,19,ontime,0
DH,JFK,228,IAD,0,1,19,ontime,0
DH,JFK,228,IAD,0,1,19,ontime,0
DH,JFK,228,IAD,0,1,19,ontime,0
DH,JFK,228,IAD,0,1,19,ontime,0
DH,JFK,228,IAD,0,1,19,ontime,0
DH,JFK,228,IAD,0,1,19,ontime,1
DH,JFK,228,IAD,0,1,19,ontime,0
DL,JFK,213,DCA,0,1,19,delayed,51
DL,LGA,214,DCA,0,1,19,ontime,1
DL,LGA,214,DCA,0,1,19,ontime,12
DL,LGA,214,DCA,0,1,19,ontime,0
DL,LGA,214,DCA,0,1,19,ontime,1
DL,LGA,214,DCA,0,1,19,ontime,1
DL,LGA,214,DCA,0,1,19,ontime,0
DL,LGA,214,DCA,0,1,19,ontime,0
DL,LGA,214,DCA,0,1,19,ontime,0
DL,LGA,214,DCA,0,1,19,ontime,0
DL,LGA,214,DCA,0,1,19,ontime,0
MQ,JFK,213,DCA,0,1,19,ontime,6
MQ,JFK,213,DCA,0,1,19,ontime,0
MQ,JFK,213,DCA,0,1,19,delayed,16
MQ,LGA,214,DCA,0,1,19,delayed,58
MQ,LGA,214,DCA,0,1,19,delayed,22
MQ,LGA,214,DCA,0,1,19,ontime,0
MQ,LGA,214,DCA,0,1,19,ontime,0
MQ,LGA,214,DCA,0,1,19,ontime,0
MQ,LGA,214,DCA,0,1,19,ontime,0
MQ,LGA,214,DCA,0,1,19,delayed,34
MQ,LGA,214,DCA,0,1,19,ontime,0
MQ,LGA,214,DCA,0,1,19,ontime,17
MQ,LGA,214,DCA,0,1,19,delayed,37
UA,LGA,229,IAD,0,1,19,ontime,0
US,LGA,214,DCA,0,1,19,ontime,0
US,LGA,214,DCA,0,1,19,ontime,0
US,LGA,214,DCA,0,1,19,ontime,0
US,LGA,214,DCA,0,1,19,ontime,0
US,LGA,214,DCA,0,1,19,ontime,0
US,LGA,214,DCA,0,1,19,ontime,0
US,LGA,214,DCA,0,1,19,ontime,0
US,LGA,214,DCA,0,1,19,ontime,0
US,LGA,214,DCA,0,1,19,ontime,0
US,LGA,214,DCA,0,1,19,ontime,0
US,LGA,214,DCA,0,1,19,ontime,0
US,LGA,214,DCA,0,1,19,ontime,0
US,LGA,214,DCA,0,1,19,ontime,0
US,LGA,214,DCA,0,1,19,ontime,0
US,LGA,214,DCA,0,1,19,ontime,0
US,LGA,214,DCA,0,1,19,ontime,0
RU,EWR,169,BWI,0,1,19,ontime,0
RU,EWR,169,BWI,0,1,19,ontime,0
RU,EWR,169,BWI,0,1,19,ontime,0
RU,EWR,169,BWI,0,1,19,ontime,0
CO,EWR,199,DCA,0,1,19,delayed,2
CO,EWR,199,DCA,0,1,19,ontime,0
CO,EWR,199,DCA,0,1,19,ontime,0
CO,EWR,199,DCA,0,1,19,ontime,0
DH,EWR,213,IAD,0,1,19,ontime,0
DH,EWR,213,IAD,0,1,19,ontime,0
DH,EWR,213,IAD,0,1,19,ontime,0
DH,EWR,213,IAD,0,1,19,delayed,180
DH,EWR,213,IAD,0,1,19,ontime,0
DH,EWR,213,IAD,0,1,19,ontime,0
RU,EWR,213,IAD,0,1,19,delayed,151
RU,EWR,213,IAD,0,1,19,ontime,0
RU,EWR,199,DCA,0,1,19,ontime,0
RU,EWR,199,DCA,0,1,19,ontime,5
RU,EWR,213,IAD,0,1,19,ontime,0
RU,EWR,213,IAD,0,1,19,ontime,0
RU,EWR,213,IAD,0,1,19,ontime,0
RU,EWR,199,DCA,0,1,19,ontime,0
RU,EWR,199,DCA,0,1,19,ontime,0
RU,EWR,199,DCA,0,1,19,ontime,0
RU,EWR,199,DCA,0,1,19,ontime,0
OH,JFK,184,BWI,0,2,20,ontime,45
DH,JFK,213,DCA,0,2,20,ontime,0
DH,LGA,229,IAD,0,2,20,ontime,55
DH,LGA,229,IAD,0,2,20,ontime,0
DH,LGA,229,IAD,0,2,20,ontime,10
DH,LGA,229,IAD,0,2,20,ontime,23
DH,LGA,229,IAD,0,2,20,ontime,0
DH,LGA,229,IAD,0,2,20,ontime,0
DH,JFK,228,IAD,0,2,20,ontime,0
DH,JFK,228,IAD,0,2,20,delayed,111
DH,JFK,228,IAD,0,2,20,ontime,0
DH,JFK,228,IAD,0,2,20,ontime,0
DH,JFK,228,IAD,0,2,20,ontime,0
DH,JFK,228,IAD,0,2,20,ontime,0
DH,JFK,228,IAD,0,2,20,ontime,22
DL,JFK,213,DCA,0,2,20,delayed,59
DL,LGA,214,DCA,0,2,20,ontime,0
DL,LGA,214,DCA,0,2,20,ontime,0
DL,LGA,214,DCA,0,2,20,ontime,9
DL,LGA,214,DCA,0,2,20,ontime,0
DL,LGA,214,DCA,0,2,20,ontime,0
DL,LGA,214,DCA,0,2,20,ontime,0
DL,LGA,214,DCA,0,2,20,ontime,0
DL,LGA,214,DCA,0,2,20,ontime,0
DL,LGA,214,DCA,0,2,20,ontime,0
DL,LGA,214,DCA,0,2,20,ontime,1
DL,LGA,214,DCA,0,2,20,delayed,87
DL,LGA,214,DCA,0,2,20,ontime,1
DL,LGA,214,DCA,0,2,20,ontime,1
DL,LGA,214,DCA,0,2,20,ontime,0
DL,LGA,214,DCA,0,2,20,ontime,0
MQ,JFK,213,DCA,0,2,20,ontime,0
MQ,JFK,213,DCA,0,2,20,ontime,0
MQ,JFK,213,DCA,0,2,20,ontime,0
MQ,LGA,214,DCA,0,2,20,ontime,0
MQ,LGA,214,DCA,0,2,20,ontime,0
MQ,LGA,214,DCA,0,2,20,ontime,0
MQ,LGA,214,DCA,0,2,20,ontime,0
MQ,LGA,214,DCA,0,2,20,ontime,0
MQ,LGA,214,DCA,0,2,20,ontime,0
MQ,LGA,214,DCA,0,2,20,ontime,0
MQ,LGA,214,DCA,0,2,20,ontime,0
MQ,LGA,214,DCA,0,2,20,delayed,104
UA,LGA,229,IAD,0,2,20,ontime,0
US,LGA,214,DCA,0,2,20,ontime,0
US,LGA,214,DCA,0,2,20,ontime,0
US,LGA,214,DCA,0,2,20,ontime,0
US,LGA,214,DCA,0,2,20,ontime,0
US,LGA,214,DCA,0,2,20,ontime,0
US,LGA,214,DCA,0,2,20,ontime,0
US,LGA,214,DCA,0,2,20,ontime,0
US,LGA,214,DCA,0,2,20,ontime,0
US,LGA,214,DCA,0,2,20,ontime,0
US,LGA,214,DCA,0,2,20,ontime,0
US,LGA,214,DCA,0,2,20,ontime,0
US,LGA,214,DCA,0,2,20,ontime,0
US,LGA,214,DCA,0,2,20,ontime,0
US,LGA,214,DCA,0,2,20,ontime,0
US,LGA,214,DCA,0,2,20,ontime,0
US,LGA,214,DCA,0,2,20,ontime,0
RU,EWR,169,BWI,0,2,20,ontime,0
RU,EWR,169,BWI,0,2,20,ontime,0
RU,EWR,169,BWI,0,2,20,delayed,3
RU,EWR,169,BWI,0,2,20,ontime,0
CO,EWR,199,DCA,0,2,20,ontime,0
CO,EWR,199,DCA,0,2,20,ontime,0
CO,EWR,199,DCA,0,2,20,ontime,0
CO,EWR,199,DCA,0,2,20,ontime,0
DH,EWR,213,IAD,0,2,20,ontime,0
DH,EWR,213,IAD,0,2,20,ontime,0
DH,EWR,213,IAD,0,2,20,ontime,0
DH,EWR,213,IAD,0,2,20,ontime,0
DH,EWR,213,IAD,0,2,20,ontime,0
DH,EWR,213,IAD,0,2,20,ontime,0
RU,EWR,199,DCA,0,2,20,ontime,0
RU,EWR,199,DCA,0,2,20,ontime,0
RU,EWR,199,DCA,0,2,20,ontime,0
RU,EWR,213,IAD,0,2,20,ontime,0
RU,EWR,199,DCA,0,2,20,ontime,0
RU,EWR,213,IAD,0,2,20,ontime,0
RU,EWR,199,DCA,0,2,20,ontime,0
RU,EWR,213,IAD,0,2,20,ontime,0
RU,EWR,199,DCA,0,2,20,delayed,30
RU,EWR,213,IAD,0,2,20,ontime,0
RU,EWR,213,IAD,0,2,20,delayed,8
OH,JFK,184,BWI,0,3,21,ontime,0
DH,LGA,229,IAD,0,3,21,ontime,0
DH,LGA,229,IAD,0,3,21,ontime,0
DH,LGA,229,IAD,0,3,21,ontime,0
DH,LGA,229,IAD,0,3,21,delayed,100
DH,LGA,229,IAD,0,3,21,delayed,62
DH,LGA,229,IAD,0,3,21,ontime,0
DH,JFK,228,IAD,0,3,21,ontime,0
DH,JFK,228,IAD,0,3,21,ontime,0
DH,JFK,228,IAD,0,3,21,ontime,49
DH,JFK,228,IAD,0,3,21,ontime,0
DH,JFK,228,IAD,0,3,21,ontime,0
DH,JFK,228,IAD,0,3,21,ontime,0
DH,JFK,228,IAD,0,3,21,ontime,0
DL,JFK,213,DCA,0,3,21,ontime,1
DL,LGA,214,DCA,0,3,21,ontime,0
DL,LGA,214,DCA,0,3,21,ontime,0
DL,LGA,214,DCA,0,3,21,ontime,1
DL,LGA,214,DCA,0,3,21,ontime,1
DL,LGA,214,DCA,0,3,21,ontime,1
DL,LGA,214,DCA,0,3,21,ontime,1
DL,LGA,214,DCA,0,3,21,ontime,0
DL,LGA,214,DCA,0,3,21,ontime,2
DL,LGA,214,DCA,0,3,21,ontime,1
DL,LGA,214,DCA,0,3,21,ontime,0
DL,LGA,214,DCA,0,3,21,delayed,2
DL,LGA,214,DCA,0,3,21,ontime,0
DL,LGA,214,DCA,0,3,21,ontime,0
DL,LGA,214,DCA,0,3,21,ontime,0
DL,LGA,214,DCA,0,3,21,ontime,2
MQ,JFK,213,DCA,0,3,21,ontime,0
MQ,JFK,213,DCA,0,3,21,ontime,0
MQ,JFK,213,DCA,0,3,21,ontime,0
MQ,LGA,214,DCA,0,3,21,ontime,0
MQ,LGA,214,DCA,0,3,21,ontime,0
MQ,LGA,214,DCA,0,3,21,ontime,0
MQ,LGA,214,DCA,0,3,21,ontime,0
MQ,LGA,214,DCA,0,3,21,ontime,0
MQ,LGA,214,DCA,0,3,21,ontime,0
MQ,LGA,214,DCA,0,3,21,ontime,0
MQ,LGA,214,DCA,0,3,21,ontime,0
MQ,LGA,214,DCA,0,3,21,ontime,0
MQ,LGA,214,DCA,0,3,21,ontime,0
UA,LGA,229,IAD,0,3,21,ontime,0
US,LGA,214,DCA,0,3,21,ontime,0
US,LGA,214,DCA,0,3,21,ontime,0
US,LGA,214,DCA,0,3,21,ontime,0
US,LGA,214,DCA,0,3,21,ontime,0
US,LGA,214,DCA,0,3,21,ontime,0
US,LGA,214,DCA,0,3,21,ontime,0
US,LGA,214,DCA,0,3,21,ontime,0
US,LGA,214,DCA,0,3,21,ontime,0
US,LGA,214,DCA,0,3,21,ontime,0
US,LGA,214,DCA,0,3,21,ontime,0
US,LGA,214,DCA,0,3,21,ontime,0
US,LGA,214,DCA,0,3,21,ontime,0
US,LGA,214,DCA,0,3,21,ontime,3
US,LGA,214,DCA,0,3,21,ontime,0
US,LGA,214,DCA,0,3,21,ontime,0
US,LGA,214,DCA,0,3,21,ontime,0
RU,EWR,169,BWI,0,3,21,ontime,0
RU,EWR,169,BWI,0,3,21,ontime,0
RU,EWR,169,BWI,0,3,21,delayed,6
RU,EWR,169,BWI,0,3,21,ontime,0
CO,EWR,199,DCA,0,3,21,delayed,0
CO,EWR,199,DCA,0,3,21,ontime,0
CO,EWR,199,DCA,0,3,21,ontime,0
CO,EWR,199,DCA,0,3,21,ontime,0
DH,EWR,213,IAD,0,3,21,ontime,19
DH,EWR,213,IAD,0,3,21,delayed,0
DH,EWR,213,IAD,0,3,21,ontime,0
DH,EWR,213,IAD,0,3,21,ontime,25
DH,EWR,213,IAD,0,3,21,ontime,0
DH,EWR,213,IAD,0,3,21,ontime,0
RU,EWR,199,DCA,0,3,21,ontime,0
RU,EWR,213,IAD,0,3,21,delayed,0
RU,EWR,199,DCA,0,3,21,ontime,0
RU,EWR,199,DCA,0,3,21,delayed,18
RU,EWR,213,IAD,0,3,21,ontime,0
RU,EWR,199,DCA,0,3,21,delayed,0
RU,EWR,213,IAD,0,3,21,ontime,0
RU,EWR,199,DCA,0,3,21,ontime,0
RU,EWR,213,IAD,0,3,21,ontime,0
RU,EWR,213,IAD,0,3,21,ontime,0
RU,EWR,199,DCA,0,3,21,ontime,0
OH,JFK,184,BWI,0,4,22,delayed,85
DH,JFK,213,DCA,0,4,22,ontime,1
DH,LGA,229,IAD,0,4,22,delayed,79
DH,LGA,229,IAD,0,4,22,delayed,85
DH,LGA,229,IAD,0,4,22,ontime,0
DH,LGA,229,IAD,0,4,22,ontime,0
DH,LGA,229,IAD,0,4,22,ontime,2
DH,LGA,229,IAD,0,4,22,ontime,0
DH,JFK,228,IAD,0,4,22,ontime,0
DH,JFK,228,IAD,0,4,22,ontime,0
DH,JFK,228,IAD,0,4,22,ontime,0
DH,JFK,228,IAD,0,4,22,ontime,0
DH,JFK,228,IAD,0,4,22,ontime,0
DH,JFK,228,IAD,0,4,22,ontime,0
DH,JFK,228,IAD,0,4,22,ontime,0
DL,JFK,213,DCA,0,4,22,ontime,3
DL,LGA,214,DCA,0,4,22,ontime,0
DL,LGA,214,DCA,0,4,22,ontime,0
DL,LGA,214,DCA,0,4,22,ontime,1
DL,LGA,214,DCA,0,4,22,ontime,0
DL,LGA,214,DCA,0,4,22,ontime,0
DL,LGA,214,DCA,0,4,22,ontime,0
DL,LGA,214,DCA,0,4,22,ontime,1
DL,LGA,214,DCA,0,4,22,ontime,1
DL,LGA,214,DCA,0,4,22,delayed,0
DL,LGA,214,DCA,0,4,22,ontime,0
DL,LGA,214,DCA,0,4,22,delayed,3
DL,LGA,214,DCA,0,4,22,delayed,1
DL,LGA,214,DCA,0,4,22,ontime,1
DL,LGA,214,DCA,0,4,22,ontime,0
DL,LGA,214,DCA,0,4,22,ontime,3
MQ,JFK,213,DCA,0,4,22,ontime,0
MQ,JFK,213,DCA,0,4,22,ontime,0
MQ,JFK,213,DCA,0,4,22,ontime,0
MQ,LGA,214,DCA,0,4,22,ontime,30
MQ,LGA,214,DCA,0,4,22,ontime,0
MQ,LGA,214,DCA,0,4,22,ontime,0
MQ,LGA,214,DCA,0,4,22,ontime,0
MQ,LGA,214,DCA,0,4,22,ontime,0
MQ,LGA,214,DCA,0,4,22,ontime,0
MQ,LGA,214,DCA,0,4,22,ontime,0
MQ,LGA,214,DCA,0,4,22,ontime,0
MQ,LGA,214,DCA,0,4,22,ontime,0
MQ,LGA,214,DCA,0,4,22,ontime,0
UA,LGA,229,IAD,0,4,22,ontime,0
US,LGA,214,DCA,0,4,22,ontime,0
US,LGA,214,DCA,0,4,22,ontime,0
US,LGA,214,DCA,0,4,22,ontime,0
US,LGA,214,DCA,0,4,22,ontime,0
US,LGA,214,DCA,0,4,22,ontime,0
US,LGA,214,DCA,0,4,22,ontime,0
US,LGA,214,DCA,0,4,22,ontime,0
US,LGA,214,DCA,0,4,22,ontime,0
US,LGA,214,DCA,0,4,22,ontime,0
US,LGA,214,DCA,0,4,22,ontime,0
US,LGA,214,DCA,0,4,22,ontime,0
US,LGA,214,DCA,0,4,22,ontime,0
US,LGA,214,DCA,0,4,22,ontime,0
US,LGA,214,DCA,0,4,22,ontime,0
US,LGA,214,DCA,0,4,22,ontime,11
US,LGA,214,DCA,0,4,22,delayed,39
RU,EWR,169,BWI,0,4,22,ontime,0
RU,EWR,169,BWI,0,4,22,ontime,0
RU,EWR,169,BWI,0,4,22,ontime,0
RU,EWR,169,BWI,0,4,22,delayed,83
CO,EWR,199,DCA,0,4,22,ontime,0
CO,EWR,199,DCA,0,4,22,ontime,0
CO,EWR,199,DCA,0,4,22,ontime,0
CO,EWR,199,DCA,0,4,22,delayed,0
DH,EWR,213,IAD,0,4,22,ontime,0
DH,EWR,213,IAD,0,4,22,ontime,0
DH,EWR,213,IAD,0,4,22,ontime,4
DH,EWR,213,IAD,0,4,22,ontime,0
DH,EWR,213,IAD,0,4,22,ontime,0
DH,EWR,213,IAD,0,4,22,ontime,0
RU,EWR,199,DCA,0,4,22,ontime,0
RU,EWR,199,DCA,0,4,22,ontime,0
RU,EWR,199,DCA,0,4,22,ontime,0
RU,EWR,213,IAD,0,4,22,ontime,7
RU,EWR,199,DCA,0,4,22,ontime,0
RU,EWR,213,IAD,0,4,22,ontime,0
RU,EWR,213,IAD,0,4,22,ontime,0
RU,EWR,213,IAD,0,4,22,ontime,0
RU,EWR,213,IAD,0,4,22,ontime,0
RU,EWR,199,DCA,0,4,22,ontime,0
RU,EWR,199,DCA,0,4,22,ontime,0
OH,JFK,184,BWI,0,5,23,delayed,167
DH,JFK,213,DCA,0,5,23,ontime,0
DH,LGA,229,IAD,0,5,23,delayed,0
DH,LGA,229,IAD,0,5,23,ontime,0
DH,LGA,229,IAD,0,5,23,delayed,0
DH,LGA,229,IAD,0,5,23,ontime,0
DH,LGA,229,IAD,0,5,23,ontime,8
DH,JFK,228,IAD,0,5,23,ontime,0
DH,JFK,228,IAD,0,5,23,ontime,0
DH,JFK,228,IAD,0,5,23,ontime,3
DH,JFK,228,IAD,0,5,23,ontime,0
DH,JFK,228,IAD,0,5,23,ontime,0
DH,JFK,228,IAD,0,5,23,ontime,0
DH,JFK,228,IAD,0,5,23,ontime,0
DL,JFK,213,DCA,0,5,23,ontime,1
DL,LGA,214,DCA,0,5,23,ontime,0
DL,LGA,214,DCA,0,5,23,ontime,0
DL,LGA,214,DCA,0,5,23,ontime,0
DL,LGA,214,DCA,0,5,23,ontime,0
DL,LGA,214,DCA,0,5,23,ontime,0
DL,LGA,214,DCA,0,5,23,ontime,0
DL,LGA,214,DCA,0,5,23,ontime,0
DL,LGA,214,DCA,0,5,23,ontime,0
DL,LGA,214,DCA,0,5,23,ontime,0
DL,LGA,214,DCA,0,5,23,ontime,1
DL,LGA,214,DCA,0,5,23,ontime,2
DL,LGA,214,DCA,0,5,23,ontime,0
DL,LGA,214,DCA,0,5,23,ontime,0
DL,LGA,214,DCA,0,5,23,ontime,0
MQ,JFK,213,DCA,0,5,23,delayed,0
MQ,JFK,213,DCA,0,5,23,ontime,0
MQ,JFK,213,DCA,0,5,23,ontime,0
MQ,LGA,214,DCA,0,5,23,ontime,0
MQ,LGA,214,DCA,0,5,23,ontime,0
MQ,LGA,214,DCA,0,5,23,ontime,0
MQ,LGA,214,DCA,0,5,23,ontime,0
MQ,LGA,214,DCA,0,5,23,delayed,0
MQ,LGA,214,DCA,0,5,23,ontime,0
MQ,LGA,214,DCA,0,5,23,ontime,0
MQ,LGA,214,DCA,0,5,23,ontime,0
UA,LGA,229,IAD,0,5,23,ontime,3
US,LGA,214,DCA,0,5,23,ontime,0
US,LGA,214,DCA,0,5,23,ontime,0
US,LGA,214,DCA,0,5,23,ontime,0
US,LGA,214,DCA,0,5,23,ontime,0
US,LGA,214,DCA,0,5,23,ontime,0
US,LGA,214,DCA,0,5,23,ontime,0
US,LGA,214,DCA,0,5,23,ontime,0
US,LGA,214,DCA,0,5,23,delayed,0
US,LGA,214,DCA,0,5,23,ontime,0
US,LGA,214,DCA,0,5,23,ontime,2
US,LGA,214,DCA,0,5,23,ontime,0
US,LGA,214,DCA,0,5,23,ontime,0
US,LGA,214,DCA,0,5,23,ontime,0
US,LGA,214,DCA,0,5,23,ontime,0
US,LGA,214,DCA,0,5,23,ontime,0
RU,EWR,169,BWI,0,5,23,delayed,0
RU,EWR,169,BWI,0,5,23,ontime,2
RU,EWR,169,BWI,0,5,23,ontime,6
RU,EWR,169,BWI,0,5,23,ontime,0
CO,EWR,199,DCA,0,5,23,ontime,1
CO,EWR,199,DCA,0,5,23,ontime,0
CO,EWR,199,DCA,0,5,23,ontime,0
CO,EWR,199,DCA,0,5,23,delayed,0
DH,EWR,213,IAD,0,5,23,ontime,0
DH,EWR,213,IAD,0,5,23,delayed,110
DH,EWR,213,IAD,0,5,23,ontime,0
DH,EWR,213,IAD,0,5,23,delayed,119
DH,EWR,213,IAD,0,5,23,ontime,0
DH,EWR,213,IAD,0,5,23,ontime,0
RU,EWR,199,DCA,0,5,23,ontime,0
RU,EWR,199,DCA,0,5,23,ontime,0
RU,EWR,213,IAD,0,5,23,ontime,0
RU,EWR,199,DCA,0,5,23,ontime,0
RU,EWR,213,IAD,0,5,23,ontime,0
RU,EWR,213,IAD,0,5,23,ontime,0
RU,EWR,213,IAD,0,5,23,ontime,0
RU,EWR,199,DCA,0,5,23,delayed,3
RU,EWR,213,IAD,0,5,23,ontime,0
RU,EWR,199,DCA,0,5,23,ontime,1
RU,EWR,199,DCA,0,5,23,ontime,0
OH,JFK,184,BWI,0,6,24,ontime,0
DH,JFK,213,DCA,0,6,24,ontime,0
DH,LGA,229,IAD,0,6,24,ontime,0
DH,LGA,229,IAD,0,6,24,ontime,0
DH,LGA,229,IAD,0,6,24,ontime,0
DH,JFK,228,IAD,0,6,24,ontime,0
DH,JFK,228,IAD,0,6,24,ontime,65
DH,JFK,228,IAD,0,6,24,ontime,0
DH,JFK,228,IAD,0,6,24,delayed,0
DH,JFK,228,IAD,0,6,24,ontime,5
DH,JFK,228,IAD,0,6,24,ontime,0
DL,JFK,213,DCA,0,6,24,delayed,56
DL,LGA,214,DCA,0,6,24,ontime,0
DL,LGA,214,DCA,0,6,24,ontime,0
DL,LGA,214,DCA,0,6,24,ontime,0
DL,LGA,214,DCA,0,6,24,ontime,0
DL,LGA,214,DCA,0,6,24,ontime,0
DL,LGA,214,DCA,0,6,24,ontime,0
DL,LGA,214,DCA,0,6,24,ontime,0
DL,LGA,214,DCA,0,6,24,ontime,1
MQ,JFK,213,DCA,0,6,24,ontime,0
MQ,JFK,213,DCA,0,6,24,ontime,0
MQ,JFK,213,DCA,0,6,24,ontime,0
MQ,LGA,214,DCA,0,6,24,delayed,31
MQ,LGA,214,DCA,0,6,24,ontime,19
UA,LGA,229,IAD,0,6,24,ontime,0
US,LGA,214,DCA,0,6,24,ontime,0
US,LGA,214,DCA,0,6,24,ontime,19
US,LGA,214,DCA,0,6,24,ontime,0
US,LGA,214,DCA,0,6,24,ontime,0
US,LGA,214,DCA,0,6,24,ontime,0
US,LGA,214,DCA,0,6,24,ontime,0
US,LGA,214,DCA,0,6,24,ontime,0
RU,EWR,169,BWI,0,6,24,ontime,0
RU,EWR,169,BWI,0,6,24,ontime,0
RU,EWR,169,BWI,0,6,24,delayed,0
RU,EWR,169,BWI,0,6,24,ontime,0
CO,EWR,199,DCA,0,6,24,ontime,0
DH,EWR,213,IAD,0,6,24,ontime,0
DH,EWR,213,IAD,0,6,24,ontime,0
DH,EWR,213,IAD,0,6,24,ontime,0
DH,EWR,213,IAD,0,6,24,ontime,0
RU,EWR,199,DCA,0,6,24,ontime,0
RU,EWR,213,IAD,0,6,24,ontime,0
RU,EWR,199,DCA,0,6,24,ontime,0
RU,EWR,213,IAD,0,6,24,delayed,0
RU,EWR,199,DCA,0,6,24,ontime,0
RU,EWR,199,DCA,0,6,24,ontime,0
RU,EWR,213,IAD,0,6,24,ontime,0
RU,EWR,199,DCA,0,6,24,ontime,0
OH,JFK,184,BWI,0,7,25,ontime,0
DH,JFK,213,DCA,0,7,25,ontime,16
DH,LGA,229,IAD,0,7,25,ontime,6
DH,LGA,229,IAD,0,7,25,ontime,0
DH,LGA,229,IAD,0,7,25,delayed,185
DH,LGA,229,IAD,0,7,25,delayed,124
DH,JFK,228,IAD,0,7,25,ontime,61
DH,JFK,228,IAD,0,7,25,delayed,86
DH,JFK,228,IAD,0,7,25,ontime,0
DH,JFK,228,IAD,0,7,25,ontime,0
DH,JFK,228,IAD,0,7,25,delayed,0
DH,JFK,228,IAD,1,7,25,delayed,2
DH,JFK,228,IAD,0,7,25,ontime,0
DL,JFK,213,DCA,0,7,25,delayed,80
DL,LGA,214,DCA,0,7,25,ontime,0
DL,LGA,214,DCA,0,7,25,ontime,0
DL,LGA,214,DCA,0,7,25,ontime,0
DL,LGA,214,DCA,0,7,25,ontime,0
DL,LGA,214,DCA,0,7,25,ontime,0
DL,LGA,214,DCA,0,7,25,ontime,0
DL,LGA,214,DCA,0,7,25,ontime,0
DL,LGA,214,DCA,0,7,25,ontime,3
DL,LGA,214,DCA,0,7,25,ontime,0
DL,LGA,214,DCA,0,7,25,ontime,0
DL,LGA,214,DCA,0,7,25,ontime,0
DL,LGA,214,DCA,0,7,25,ontime,1
MQ,JFK,213,DCA,0,7,25,delayed,74
MQ,JFK,213,DCA,0,7,25,ontime,0
MQ,JFK,213,DCA,0,7,25,ontime,22
MQ,LGA,214,DCA,0,7,25,ontime,0
MQ,LGA,214,DCA,0,7,25,delayed,28
MQ,LGA,214,DCA,0,7,25,ontime,0
MQ,LGA,214,DCA,0,7,25,ontime,0
UA,LGA,229,IAD,0,7,25,ontime,0
US,LGA,214,DCA,0,7,25,ontime,0
US,LGA,214,DCA,0,7,25,ontime,0
US,LGA,214,DCA,0,7,25,ontime,0
US,LGA,214,DCA,0,7,25,ontime,0
US,LGA,214,DCA,0,7,25,ontime,0
US,LGA,214,DCA,0,7,25,ontime,0
US,LGA,214,DCA,0,7,25,ontime,0
US,LGA,214,DCA,0,7,25,ontime,0
US,LGA,214,DCA,0,7,25,ontime,0
US,LGA,214,DCA,0,7,25,ontime,0
US,LGA,214,DCA,0,7,25,ontime,0
US,LGA,214,DCA,0,7,25,ontime,0
US,LGA,214,DCA,0,7,25,delayed,0
RU,EWR,169,BWI,0,7,25,ontime,1
RU,EWR,169,BWI,0,7,25,delayed,107
RU,EWR,169,BWI,0,7,25,ontime,9
RU,EWR,169,BWI,0,7,25,ontime,0
CO,EWR,199,DCA,0,7,25,ontime,0
CO,EWR,199,DCA,0,7,25,ontime,0
CO,EWR,199,DCA,0,7,25,ontime,0
DH,EWR,213,IAD,0,7,25,ontime,0
DH,EWR,213,IAD,0,7,25,ontime,10
DH,EWR,213,IAD,0,7,25,ontime,0
DH,EWR,213,IAD,0,7,25,delayed,0
DH,EWR,213,IAD,0,7,25,delayed,91
RU,EWR,199,DCA,0,7,25,delayed,114
RU,EWR,199,DCA,0,7,25,ontime,0
RU,EWR,213,IAD,0,7,25,ontime,0
RU,EWR,213,IAD,0,7,25,delayed,0
RU,EWR,213,IAD,0,7,25,ontime,0
RU,EWR,213,IAD,0,7,25,ontime,0
RU,EWR,199,DCA,0,7,25,ontime,0
RU,EWR,199,DCA,0,7,25,ontime,6
OH,JFK,184,BWI,0,1,26,ontime,45
DH,LGA,229,IAD,0,1,26,ontime,0
DH,LGA,229,IAD,0,1,26,delayed,157
DH,LGA,229,IAD,0,1,26,delayed,232
DH,LGA,229,IAD,0,1,26,delayed,30
DH,LGA,229,IAD,0,1,26,delayed,361
DH,LGA,229,IAD,0,1,26,delayed,0
DH,JFK,228,IAD,0,1,26,ontime,0
DH,JFK,228,IAD,0,1,26,ontime,0
DH,JFK,228,IAD,0,1,26,delayed,4
DH,JFK,228,IAD,0,1,26,delayed,114
DH,JFK,228,IAD,0,1,26,delayed,114
DH,JFK,228,IAD,0,1,26,ontime,0
DH,JFK,228,IAD,0,1,26,ontime,25
DL,JFK,213,DCA,1,1,26,delayed,54
DL,LGA,214,DCA,1,1,26,delayed,11
DL,LGA,214,DCA,0,1,26,ontime,0
DL,LGA,214,DCA,0,1,26,ontime,3
DL,LGA,214,DCA,0,1,26,ontime,0
DL,LGA,214,DCA,0,1,26,ontime,0
DL,LGA,214,DCA,0,1,26,ontime,0
DL,LGA,214,DCA,0,1,26,delayed,3
DL,LGA,214,DCA,1,1,26,delayed,10
DL,LGA,214,DCA,0,1,26,ontime,4
DL,LGA,214,DCA,0,1,26,ontime,0
DL,LGA,214,DCA,0,1,26,ontime,1
DL,LGA,214,DCA,0,1,26,ontime,1
MQ,JFK,213,DCA,1,1,26,delayed,89
MQ,JFK,213,DCA,1,1,26,delayed,126
MQ,LGA,214,DCA,1,1,26,delayed,217
MQ,LGA,214,DCA,1,1,26,delayed,20
MQ,LGA,214,DCA,1,1,26,delayed,307
MQ,LGA,214,DCA,1,1,26,delayed,110
UA,LGA,229,IAD,1,1,26,delayed,79
US,LGA,214,DCA,0,1,26,delayed,16
US,LGA,214,DCA,0,1,26,delayed,29
US,LGA,214,DCA,0,1,26,ontime,1
US,LGA,214,DCA,1,1,26,delayed,25
US,LGA,214,DCA,0,1,26,ontime,0
US,LGA,214,DCA,0,1,26,delayed,0
US,LGA,214,DCA,0,1,26,ontime,0
US,LGA,214,DCA,0,1,26,ontime,0
US,LGA,214,DCA,0,1,26,ontime,3
US,LGA,214,DCA,0,1,26,ontime,0
US,LGA,214,DCA,0,1,26,ontime,0
US,LGA,214,DCA,0,1,26,ontime,0
US,LGA,214,DCA,0,1,26,delayed,18
RU,EWR,169,BWI,0,1,26,delayed,17
RU,EWR,169,BWI,0,1,26,ontime,49
CO,EWR,199,DCA,1,1,26,delayed,15
CO,EWR,199,DCA,0,1,26,delayed,22
CO,EWR,199,DCA,0,1,26,ontime,0
DH,EWR,213,IAD,0,1,26,ontime,0
DH,EWR,213,IAD,0,1,26,delayed,256
DH,EWR,213,IAD,0,1,26,delayed,30
DH,EWR,213,IAD,0,1,26,ontime,2
DH,EWR,213,IAD,1,1,26,delayed,27
RU,EWR,213,IAD,0,1,26,delayed,0
RU,EWR,199,DCA,0,1,26,ontime,0
RU,EWR,199,DCA,0,1,26,ontime,0
RU,EWR,213,IAD,0,1,26,delayed,39
RU,EWR,213,IAD,0,1,26,ontime,0
RU,EWR,213,IAD,0,1,26,delayed,54
RU,EWR,199,DCA,0,1,26,ontime,0
RU,EWR,199,DCA,1,1,26,delayed,230
OH,JFK,184,BWI,0,2,27,ontime,60
DH,JFK,213,DCA,0,2,27,delayed,301
DH,LGA,229,IAD,1,2,27,delayed,164
DH,LGA,229,IAD,1,2,27,delayed,65
DH,LGA,229,IAD,1,2,27,delayed,20
DH,LGA,229,IAD,1,2,27,delayed,205
DH,LGA,229,IAD,0,2,27,ontime,0
DH,JFK,228,IAD,0,2,27,delayed,0
DH,JFK,228,IAD,0,2,27,delayed,102
DH,JFK,228,IAD,1,2,27,delayed,57
DH,JFK,228,IAD,1,2,27,delayed,200
DH,JFK,228,IAD,1,2,27,delayed,35
DL,JFK,213,DCA,0,2,27,delayed,50
DL,LGA,214,DCA,0,2,27,ontime,1
DL,LGA,214,DCA,0,2,27,delayed,12
DL,LGA,214,DCA,0,2,27,ontime,2
DL,LGA,214,DCA,0,2,27,ontime,1
DL,LGA,214,DCA,0,2,27,ontime,0
DL,LGA,214,DCA,0,2,27,delayed,120
DL,LGA,214,DCA,0,2,27,delayed,97
DL,LGA,214,DCA,0,2,27,delayed,0
MQ,JFK,213,DCA,0,2,27,delayed,21
MQ,JFK,213,DCA,1,2,27,delayed,85
MQ,LGA,214,DCA,0,2,27,delayed,0
MQ,LGA,214,DCA,0,2,27,ontime,10
MQ,LGA,214,DCA,1,2,27,delayed,212
MQ,LGA,214,DCA,0,2,27,ontime,0
MQ,LGA,214,DCA,1,2,27,delayed,255
UA,LGA,229,IAD,1,2,27,delayed,176
US,LGA,214,DCA,0,2,27,ontime,0
US,LGA,214,DCA,0,2,27,ontime,0
US,LGA,214,DCA,0,2,27,ontime,0
US,LGA,214,DCA,0,2,27,ontime,0
US,LGA,214,DCA,0,2,27,ontime,0
US,LGA,214,DCA,0,2,27,ontime,0
US,LGA,214,DCA,0,2,27,ontime,0
US,LGA,214,DCA,0,2,27,ontime,0
US,LGA,214,DCA,0,2,27,ontime,0
US,LGA,214,DCA,0,2,27,ontime,0
US,LGA,214,DCA,0,2,27,ontime,0
US,LGA,214,DCA,0,2,27,ontime,0
RU,EWR,169,BWI,0,2,27,delayed,0
CO,EWR,199,DCA,1,2,27,delayed,83
CO,EWR,199,DCA,0,2,27,delayed,0
DH,EWR,213,IAD,0,2,27,delayed,0
DH,EWR,213,IAD,1,2,27,delayed,114
DH,EWR,213,IAD,0,2,27,delayed,103
DH,EWR,213,IAD,0,2,27,delayed,30
DH,EWR,213,IAD,1,2,27,delayed,14
RU,EWR,213,IAD,0,2,27,delayed,0
RU,EWR,213,IAD,1,2,27,delayed,11
RU,EWR,199,DCA,0,2,27,ontime,0
OH,JFK,184,BWI,0,3,28,ontime,45
DH,JFK,213,DCA,0,3,28,ontime,0
DH,LGA,229,IAD,0,3,28,ontime,0
DH,LGA,229,IAD,0,3,28,delayed,97
DH,LGA,229,IAD,0,3,28,ontime,29
DH,LGA,229,IAD,0,3,28,delayed,31
DH,LGA,229,IAD,0,3,28,ontime,0
DH,LGA,229,IAD,0,3,28,ontime,0
DH,JFK,228,IAD,0,3,28,delayed,72
DH,JFK,228,IAD,0,3,28,delayed,91
DH,JFK,228,IAD,0,3,28,ontime,0
DH,JFK,228,IAD,0,3,28,ontime,0
DH,JFK,228,IAD,0,3,28,delayed,117
DH,JFK,228,IAD,0,3,28,ontime,0
DH,JFK,228,IAD,0,3,28,ontime,0
DL,JFK,213,DCA,0,3,28,ontime,0
DL,LGA,214,DCA,0,3,28,ontime,0
DL,LGA,214,DCA,0,3,28,ontime,1
DL,LGA,214,DCA,0,3,28,ontime,0
DL,LGA,214,DCA,0,3,28,ontime,0
DL,LGA,214,DCA,0,3,28,ontime,0
DL,LGA,214,DCA,0,3,28,ontime,0
DL,LGA,214,DCA,0,3,28,ontime,0
DL,LGA,214,DCA,0,3,28,delayed,0
MQ,JFK,213,DCA,0,3,28,ontime,0
MQ,JFK,213,DCA,0,3,28,ontime,3
MQ,LGA,214,DCA,0,3,28,delayed,0
MQ,LGA,214,DCA,0,3,28,delayed,24
MQ,LGA,214,DCA,0,3,28,ontime,13
MQ,LGA,214,DCA,0,3,28,ontime,0
MQ,LGA,214,DCA,0,3,28,delayed,19
MQ,LGA,214,DCA,0,3,28,delayed,41
UA,LGA,229,IAD,0,3,28,ontime,0
US,LGA,214,DCA,0,3,28,ontime,0
US,LGA,214,DCA,0,3,28,ontime,0
US,LGA,214,DCA,0,3,28,delayed,30
US,LGA,214,DCA,0,3,28,delayed,21
US,LGA,214,DCA,0,3,28,ontime,5
US,LGA,214,DCA,0,3,28,ontime,0
US,LGA,214,DCA,0,3,28,ontime,0
US,LGA,214,DCA,0,3,28,delayed,0
US,LGA,214,DCA,0,3,28,delayed,0
US,LGA,214,DCA,0,3,28,ontime,0
US,LGA,214,DCA,0,3,28,ontime,0
US,LGA,214,DCA,0,3,28,ontime,0
US,LGA,214,DCA,0,3,28,delayed,0
US,LGA,214,DCA,0,3,28,ontime,0
RU,EWR,169,BWI,0,3,28,ontime,0
RU,EWR,169,BWI,0,3,28,ontime,0
RU,EWR,169,BWI,0,3,28,delayed,128
CO,EWR,199,DCA,0,3,28,ontime,0
CO,EWR,199,DCA,0,3,28,delayed,37
CO,EWR,199,DCA,0,3,28,ontime,0
DH,EWR,213,IAD,0,3,28,ontime,0
DH,EWR,213,IAD,0,3,28,delayed,5
DH,EWR,213,IAD,0,3,28,delayed,109
DH,EWR,213,IAD,0,3,28,ontime,0
DH,EWR,213,IAD,0,3,28,ontime,0
DH,EWR,213,IAD,0,3,28,ontime,0
RU,EWR,199,DCA,0,3,28,ontime,0
RU,EWR,213,IAD,0,3,28,ontime,0
RU,EWR,199,DCA,0,3,28,delayed,20
RU,EWR,213,IAD,0,3,28,ontime,0
RU,EWR,199,DCA,0,3,28,ontime,0
RU,EWR,199,DCA,0,3,28,delayed,11
RU,EWR,213,IAD,0,3,28,ontime,0
RU,EWR,199,DCA,0,3,28,ontime,0
RU,EWR,213,IAD,0,3,28,ontime,0
OH,JFK,184,BWI,0,4,29,ontime,0
DH,JFK,213,DCA,0,4,29,ontime,0
DH,LGA,229,IAD,0,4,29,delayed,76
DH,LGA,229,IAD,0,4,29,delayed,154
DH,LGA,229,IAD,0,4,29,delayed,224
DH,LGA,229,IAD,0,4,29,ontime,0
DH,LGA,229,IAD,0,4,29,delayed,81
DH,JFK,228,IAD,0,4,29,ontime,0
DH,JFK,228,IAD,0,4,29,ontime,0
DH,JFK,228,IAD,0,4,29,ontime,0
DH,JFK,228,IAD,0,4,29,ontime,0
DH,JFK,228,IAD,0,4,29,ontime,22
DH,JFK,228,IAD,0,4,29,ontime,0
DH,JFK,228,IAD,0,4,29,ontime,3
DL,JFK,213,DCA,0,4,29,delayed,45
DL,LGA,214,DCA,0,4,29,ontime,0
DL,LGA,214,DCA,0,4,29,ontime,0
DL,LGA,214,DCA,0,4,29,delayed,4
DL,LGA,214,DCA,0,4,29,ontime,2
DL,LGA,214,DCA,0,4,29,ontime,0
DL,LGA,214,DCA,0,4,29,ontime,0
DL,LGA,214,DCA,0,4,29,ontime,0
DL,LGA,214,DCA,0,4,29,ontime,0
DL,LGA,214,DCA,0,4,29,ontime,1
DL,LGA,214,DCA,0,4,29,ontime,0
DL,LGA,214,DCA,0,4,29,ontime,0
DL,LGA,214,DCA,0,4,29,ontime,0
DL,LGA,214,DCA,0,4,29,ontime,0
DL,LGA,214,DCA,0,4,29,ontime,1
MQ,JFK,213,DCA,0,4,29,delayed,103
MQ,JFK,213,DCA,0,4,29,ontime,0
MQ,JFK,213,DCA,0,4,29,ontime,0
MQ,LGA,214,DCA,0,4,29,delayed,0
MQ,LGA,214,DCA,0,4,29,ontime,0
MQ,LGA,214,DCA,0,4,29,ontime,0
MQ,LGA,214,DCA,0,4,29,ontime,0
MQ,LGA,214,DCA,0,4,29,delayed,28
MQ,LGA,214,DCA,0,4,29,delayed,27
MQ,LGA,214,DCA,0,4,29,ontime,0
MQ,LGA,214,DCA,0,4,29,ontime,2
UA,LGA,229,IAD,0,4,29,ontime,0
US,LGA,214,DCA,0,4,29,ontime,2
US,LGA,214,DCA,0,4,29,delayed,0
US,LGA,214,DCA,0,4,29,ontime,0
US,LGA,214,DCA,0,4,29,ontime,0
US,LGA,214,DCA,0,4,29,ontime,0
US,LGA,214,DCA,0,4,29,ontime,0
US,LGA,214,DCA,0,4,29,ontime,0
US,LGA,214,DCA,0,4,29,ontime,0
US,LGA,214,DCA,0,4,29,ontime,0
US,LGA,214,DCA,0,4,29,ontime,0
US,LGA,214,DCA,0,4,29,ontime,0
US,LGA,214,DCA,0,4,29,ontime,0
US,LGA,214,DCA,0,4,29,ontime,0
US,LGA,214,DCA,0,4,29,ontime,0
US,LGA,214,DCA,0,4,29,ontime,1
US,LGA,214,DCA,0,4,29,ontime,0
RU,EWR,169,BWI,0,4,29,ontime,0
RU,EWR,169,BWI,0,4,29,ontime,0
RU,EWR,169,BWI,0,4,29,ontime,0
RU,EWR,169,BWI,0,4,29,ontime,0
CO,EWR,199,DCA,0,4,29,ontime,0
CO,EWR,199,DCA,0,4,29,ontime,0
CO,EWR,199,DCA,0,4,29,ontime,0
CO,EWR,199,DCA,0,4,29,ontime,0
DH,EWR,213,IAD,0,4,29,delayed,73
DH,EWR,213,IAD,0,4,29,ontime,0
DH,EWR,213,IAD,0,4,29,ontime,0
DH,EWR,213,IAD,0,4,29,delayed,91
DH,EWR,213,IAD,0,4,29,ontime,0
DH,EWR,213,IAD,0,4,29,ontime,0
RU,EWR,199,DCA,0,4,29,ontime,0
RU,EWR,199,DCA,0,4,29,ontime,3
RU,EWR,213,IAD,0,4,29,ontime,0
RU,EWR,199,DCA,0,4,29,ontime,0
RU,EWR,213,IAD,0,4,29,ontime,0
RU,EWR,213,IAD,0,4,29,ontime,0
RU,EWR,199,DCA,0,4,29,delayed,46
RU,EWR,213,IAD,0,4,29,ontime,0
RU,EWR,199,DCA,0,4,29,delayed,95
RU,EWR,199,DCA,0,4,29,ontime,0
RU,EWR,213,IAD,0,4,29,ontime,0
OH,JFK,184,BWI,0,5,30,ontime,0
DH,JFK,213,DCA,0,5,30,ontime,0
DH,LGA,229,IAD,0,5,30,ontime,0
DH,LGA,229,IAD,0,5,30,delayed,73
DH,LGA,229,IAD,0,5,30,ontime,0
DH,LGA,229,IAD,0,5,30,ontime,7
DH,LGA,229,IAD,0,5,30,ontime,0
DH,LGA,229,IAD,0,5,30,ontime,0
DH,JFK,228,IAD,0,5,30,ontime,0
DH,JFK,228,IAD,0,5,30,ontime,1
DH,JFK,228,IAD,0,5,30,ontime,4
DH,JFK,228,IAD,0,5,30,ontime,0
DH,JFK,228,IAD,0,5,30,ontime,0
DH,JFK,228,IAD,0,5,30,delayed,94
DH,JFK,228,IAD,0,5,30,ontime,0
DL,JFK,213,DCA,0,5,30,delayed,55
DL,LGA,214,DCA,0,5,30,ontime,0
DL,LGA,214,DCA,0,5,30,ontime,0
DL,LGA,214,DCA,0,5,30,ontime,0
DL,LGA,214,DCA,0,5,30,ontime,1
DL,LGA,214,DCA,0,5,30,ontime,1
DL,LGA,214,DCA,0,5,30,ontime,1
DL,LGA,214,DCA,0,5,30,ontime,1
DL,LGA,214,DCA,0,5,30,ontime,1
DL,LGA,214,DCA,0,5,30,ontime,2
DL,LGA,214,DCA,0,5,30,ontime,1
DL,LGA,214,DCA,0,5,30,ontime,2
DL,LGA,214,DCA,0,5,30,ontime,0
DL,LGA,214,DCA,0,5,30,ontime,0
DL,LGA,214,DCA,0,5,30,ontime,0
DL,LGA,214,DCA,0,5,30,ontime,1
MQ,JFK,213,DCA,0,5,30,ontime,0
MQ,JFK,213,DCA,0,5,30,ontime,13
MQ,LGA,214,DCA,0,5,30,ontime,3
MQ,LGA,214,DCA,1,5,30,delayed,27
MQ,LGA,214,DCA,0,5,30,ontime,0
MQ,LGA,214,DCA,0,5,30,ontime,0
MQ,LGA,214,DCA,0,5,30,ontime,0
MQ,LGA,214,DCA,0,5,30,ontime,0
MQ,LGA,214,DCA,0,5,30,ontime,0
MQ,LGA,214,DCA,0,5,30,delayed,103
MQ,LGA,214,DCA,0,5,30,ontime,0
UA,LGA,229,IAD,0,5,30,ontime,0
US,LGA,214,DCA,0,5,30,ontime,8
US,LGA,214,DCA,0,5,30,ontime,0
US,LGA,214,DCA,0,5,30,ontime,0
US,LGA,214,DCA,0,5,30,ontime,0
US,LGA,214,DCA,0,5,30,ontime,0
US,LGA,214,DCA,0,5,30,ontime,0
US,LGA,214,DCA,0,5,30,ontime,0
US,LGA,214,DCA,0,5,30,ontime,0
US,LGA,214,DCA,0,5,30,ontime,0
US,LGA,214,DCA,0,5,30,ontime,0
US,LGA,214,DCA,0,5,30,ontime,0
US,LGA,214,DCA,0,5,30,delayed,0
US,LGA,214,DCA,0,5,30,ontime,0
US,LGA,214,DCA,0,5,30,ontime,0
US,LGA,214,DCA,0,5,30,ontime,4
US,LGA,214,DCA,0,5,30,ontime,0
RU,EWR,169,BWI,0,5,30,delayed,28
RU,EWR,169,BWI,0,5,30,ontime,0
RU,EWR,169,BWI,0,5,30,delayed,58
RU,EWR,169,BWI,0,5,30,ontime,7
CO,EWR,199,DCA,0,5,30,ontime,0
CO,EWR,199,DCA,0,5,30,ontime,0
CO,EWR,199,DCA,0,5,30,ontime,0
CO,EWR,199,DCA,0,5,30,ontime,0
DH,EWR,213,IAD,0,5,30,ontime,0
DH,EWR,213,IAD,0,5,30,ontime,5
DH,EWR,213,IAD,0,5,30,delayed,0
DH,EWR,213,IAD,0,5,30,ontime,0
DH,EWR,213,IAD,0,5,30,ontime,0
DH,EWR,213,IAD,0,5,30,ontime,0
RU,EWR,213,IAD,0,5,30,ontime,0
RU,EWR,199,DCA,0,5,30,ontime,0
RU,EWR,213,IAD,0,5,30,delayed,0
RU,EWR,213,IAD,0,5,30,delayed,0
RU,EWR,199,DCA,0,5,30,ontime,0
RU,EWR,199,DCA,0,5,30,delayed,0
RU,EWR,199,DCA,0,5,30,delayed,76
RU,EWR,199,DCA,0,5,30,ontime,0
RU,EWR,199,DCA,0,5,30,ontime,0
RU,EWR,213,IAD,0,5,30,delayed,0
RU,EWR,213,IAD,0,5,30,delayed,0
OH,JFK,184,BWI,0,6,31,ontime,50
DH,JFK,213,DCA,0,6,31,ontime,0
DH,LGA,229,IAD,0,6,31,ontime,0
DH,LGA,229,IAD,0,6,31,ontime,0
DH,LGA,229,IAD,0,6,31,ontime,0
DH,JFK,228,IAD,0,6,31,delayed,91
DH,JFK,228,IAD,0,6,31,ontime,0
DH,JFK,228,IAD,0,6,31,ontime,0
DH,JFK,228,IAD,0,6,31,ontime,0
DH,JFK,228,IAD,0,6,31,ontime,0
DH,JFK,228,IAD,0,6,31,ontime,0
DL,JFK,213,DCA,0,6,31,ontime,45
DL,LGA,214,DCA,0,6,31,ontime,0
DL,LGA,214,DCA,0,6,31,delayed,10
DL,LGA,214,DCA,0,6,31,ontime,0
DL,LGA,214,DCA,0,6,31,ontime,1
DL,LGA,214,DCA,0,6,31,ontime,0
DL,LGA,214,DCA,0,6,31,ontime,0
DL,LGA,214,DCA,0,6,31,ontime,0
DL,LGA,214,DCA,0,6,31,ontime,0
MQ,JFK,213,DCA,0,6,31,ontime,0
MQ,JFK,213,DCA,0,6,31,ontime,13
MQ,JFK,213,DCA,0,6,31,ontime,0
MQ,LGA,214,DCA,0,6,31,ontime,4
MQ,LGA,214,DCA,0,6,31,ontime,0
UA,LGA,229,IAD,0,6,31,ontime,0
US,LGA,214,DCA,0,6,31,ontime,6
US,LGA,214,DCA,0,6,31,ontime,0
US,LGA,214,DCA,0,6,31,ontime,0
US,LGA,214,DCA,0,6,31,ontime,0
US,LGA,214,DCA,0,6,31,ontime,0
US,LGA,214,DCA,0,6,31,ontime,0
US,LGA,214,DCA,0,6,31,ontime,0
RU,EWR,169,BWI,0,6,31,ontime,0
RU,EWR,169,BWI,0,6,31,ontime,0
RU,EWR,169,BWI,0,6,31,ontime,0
RU,EWR,169,BWI,0,6,31,ontime,4
CO,EWR,199,DCA,0,6,31,ontime,0
DH,EWR,213,IAD,0,6,31,ontime,0
DH,EWR,213,IAD,0,6,31,ontime,0
DH,EWR,213,IAD,0,6,31,ontime,2
DH,EWR,213,IAD,0,6,31,ontime,0
RU,EWR,213,IAD,0,6,31,ontime,0
RU,EWR,199,DCA,0,6,31,ontime,0
RU,EWR,213,IAD,0,6,31,ontime,0
RU,EWR,199,DCA,0,6,31,ontime,0
RU,EWR,213,IAD,0,6,31,ontime,0
RU,EWR,199,DCA,0,6,31,ontime,0
RU,EWR,199,DCA,0,6,31,ontime,44
RU,EWR,199,DCA,0,6,31,ontime,6
